,id,time,text,city_name,coordinates,place
32073,1425248193500045312,2021-08-11 00:10:23+00:00,"@2448larry @Murph_Andy @AndyFales I‚Äôm a huge fan of the Olympics so I‚Äôm grading against my usual experience, and it‚Ä¶ https://t.co/AGRc9qfIQi","Des Moines, IA","[[[-93.709504, 41.501409], [-93.503235, 41.501409], [-93.503235, 41.6514656], [-93.709504, 41.6514656]]]","Place(_api=<tweepy.api.API object at 0x2b235387f970>, id='1c67f9d9cbae7f69', url='https://api.twitter.com/1.1/geo/id/1c67f9d9cbae7f69.json', place_type='city', name='Des Moines', full_name='Des Moines, IA', country_code='US', country='United States', contained_within=[], bounding_box=BoundingBox(_api=<tweepy.api.API object at 0x2b235387f970>, type='Polygon', coordinates=[[[-93.709504, 41.501409], [-93.503235, 41.501409], [-93.503235, 41.6514656], [-93.709504, 41.6514656]]]), attributes={})"
20357,1425249522846928903,2021-08-11 00:15:40+00:00,"This Friday‚Äôs guest on the Strom Sports Show will be Frank Isola (@TheFrankIsola) 

We‚Äôre talking #NBA #Olympics re‚Ä¶ https://t.co/TgzKsQLma8","Asheville, NC","[[[-82.681852, 35.421216], [-82.452163, 35.421216], [-82.452163, 35.656929], [-82.681852, 35.656929]]]","Place(_api=<tweepy.api.API object at 0x2b235387f970>, id='00836cb90515ddd1', url='https://api.twitter.com/1.1/geo/id/00836cb90515ddd1.json', place_type='city', name='Asheville', full_name='Asheville, NC', country_code='US', country='United States', contained_within=[], bounding_box=BoundingBox(_api=<tweepy.api.API object at 0x2b235387f970>, type='Polygon', coordinates=[[[-82.681852, 35.421216], [-82.452163, 35.421216], [-82.452163, 35.656929], [-82.681852, 35.656929]]]), attributes={})"
21779,1425249599313350656,2021-08-11 00:15:58+00:00,@EvelynMichelleA There were a few times they sawed Raw on USA @ 8pm and the Olympics were on before that,"Tampa, FL","[[[-82.620093, 27.821353], [-82.2652945, 27.821353], [-82.2652945, 28.171836], [-82.620093, 28.171836]]]","Place(_api=<tweepy.api.API object at 0x2b235387f970>, id='dc62519fda13b4ec', url='https://api.twitter.com/1.1/geo/id/dc62519fda13b4ec.json', place_type='city', name='Tampa', full_name='Tampa, FL', country_code='US', country='United States', contained_within=[], bounding_box=BoundingBox(_api=<tweepy.api.API object at 0x2b235387f970>, type='Polygon', coordinates=[[[-82.620093, 27.821353], [-82.2652945, 27.821353], [-82.2652945, 28.171836], [-82.620093, 28.171836]]]), attributes={})"
12039,1425249961923551234,2021-08-11 00:17:25+00:00,Uruguay no m√°üî• https://t.co/lHPKUFi6Wo,"Manhattan, NY","[[[-74.026675, 40.683935], [-73.910408, 40.683935], [-73.910408, 40.877483], [-74.026675, 40.877483]]]","Place(_api=<tweepy.api.API object at 0x2b235387f970>, id='01a9a39529b27f36', url='https://api.twitter.com/1.1/geo/id/01a9a39529b27f36.json', place_type='city', name='Manhattan', full_name='Manhattan, NY', country_code='US', country='United States', contained_within=[], bounding_box=BoundingBox(_api=<tweepy.api.API object at 0x2b235387f970>, type='Polygon', coordinates=[[[-74.026675, 40.683935], [-73.910408, 40.683935], [-73.910408, 40.877483], [-74.026675, 40.877483]]]), attributes={})"
32404,1425250467370737670,2021-08-11 00:19:25+00:00,I miss the Olympics ü•∫üá∫üá∏,"Dunlap, TN","[[[-85.419594, 35.338658], [-85.36022, 35.338658], [-85.36022, 35.425939], [-85.419594, 35.425939]]]","Place(_api=<tweepy.api.API object at 0x2b235387f970>, id='015f0f20548c3514', url='https://api.twitter.com/1.1/geo/id/015f0f20548c3514.json', place_type='city', name='Dunlap', full_name='Dunlap, TN', country_code='US', country='United States', contained_within=[], bounding_box=BoundingBox(_api=<tweepy.api.API object at 0x2b235387f970>, type='Polygon', coordinates=[[[-85.419594, 35.338658], [-85.36022, 35.338658], [-85.36022, 35.425939], [-85.419594, 35.425939]]]), attributes={})"
20595,1425250578137972736,2021-08-11 00:19:52+00:00,Picked up this 2016 @Topps @Carlin_Isles @TeamUSA Commemorative Patch Card (23/25) off @eBay via @CheckOutMyCards!‚Ä¶ https://t.co/JQ6YllUigg,"Overland Park, KS","[[[-94.742494, 38.81903], [-94.607693, 38.81903], [-94.607693, 39.044068], [-94.742494, 39.044068]]]","Place(_api=<tweepy.api.API object at 0x2b235387f970>, id='ef975175b1003544', url='https://api.twitter.com/1.1/geo/id/ef975175b1003544.json', place_type='city', name='Overland Park', full_name='Overland Park, KS', country_code='US', country='United States', contained_within=[], bounding_box=BoundingBox(_api=<tweepy.api.API object at 0x2b235387f970>, type='Polygon', coordinates=[[[-94.742494, 38.81903], [-94.607693, 38.81903], [-94.607693, 39.044068], [-94.742494, 39.044068]]]), attributes={})"
12051,1425250777958952960,2021-08-11 00:20:40+00:00,Nine years ago we celebrated the Windrush generation at the opening ceremony of the London Olympics. From that to t‚Ä¶ https://t.co/yRfnBznRYk,"Manhattan, NY","[[[-74.026675, 40.683935], [-73.910408, 40.683935], [-73.910408, 40.877483], [-74.026675, 40.877483]]]","Place(_api=<tweepy.api.API object at 0x2b235387f970>, id='01a9a39529b27f36', url='https://api.twitter.com/1.1/geo/id/01a9a39529b27f36.json', place_type='city', name='Manhattan', full_name='Manhattan, NY', country_code='US', country='United States', contained_within=[], bounding_box=BoundingBox(_api=<tweepy.api.API object at 0x2b235387f970>, type='Polygon', coordinates=[[[-74.026675, 40.683935], [-73.910408, 40.683935], [-73.910408, 40.877483], [-74.026675, 40.877483]]]), attributes={})"
20604,1425250806060634112,2021-08-11 00:20:46+00:00,#dreams become #REALITY @CabaretKittens ! Open daily 10am-2:30am. #Seattle #Sodo #NFL #Seahawks #NHL #seakracken‚Ä¶ https://t.co/aAnjKB4rKu,Kittens Cabaret,"[[[-122.32913732528685, 47.55081100267848], [-122.32913732528685, 47.55081100267848], [-122.32913732528685, 47.55081100267848], [-122.32913732528685, 47.55081100267848]]]","Place(_api=<tweepy.api.API object at 0x2b235387f970>, id='07d9eb59fcc88000', url='https://api.twitter.com/1.1/geo/id/07d9eb59fcc88000.json', place_type='poi', name='Kittens Cabaret', full_name='Kittens Cabaret', country_code='US', country='United States', contained_within=[], bounding_box=BoundingBox(_api=<tweepy.api.API object at 0x2b235387f970>, type='Polygon', coordinates=[[[-122.32913732528685, 47.55081100267848], [-122.32913732528685, 47.55081100267848], [-122.32913732528685, 47.55081100267848], [-122.32913732528685, 47.55081100267848]]]), attributes={})"
21781,1425251587648278530,2021-08-11 00:23:53+00:00,"In the end, the only thing lower than the tv ratings for the #tokyoolympics, was the #birthingperson 's soccer team‚Ä¶ https://t.co/uTBKUGMZak","Redlands, CO","[[[-108.703851, 39.036603], [-108.569193, 39.036603], [-108.569193, 39.114857], [-108.703851, 39.114857]]]","Place(_api=<tweepy.api.API object at 0x2b235387f970>, id='7b72e3a619e4e202', url='https://api.twitter.com/1.1/geo/id/7b72e3a619e4e202.json', place_type='city', name='Redlands', full_name='Redlands, CO', country_code='US', country='United States', contained_within=[], bounding_box=BoundingBox(_api=<tweepy.api.API object at 0x2b235387f970>, type='Polygon', coordinates=[[[-108.703851, 39.036603], [-108.569193, 39.036603], [-108.569193, 39.114857], [-108.703851, 39.114857]]]), attributes={})"
20821,1425252369533739009,2021-08-11 00:26:59+00:00,https://t.co/7VGbog7mxv https://t.co/WbvbbanJ3D,"North Decatur, GA","[[[-84.3100508, 33.776522], [-84.262886, 33.776522], [-84.262886, 33.8290994], [-84.3100508, 33.8290994]]]","Place(_api=<tweepy.api.API object at 0x2b235387f970>, id='7af0fb6f137530df', url='https://api.twitter.com/1.1/geo/id/7af0fb6f137530df.json', place_type='city', name='North Decatur', full_name='North Decatur, GA', country_code='US', country='United States', contained_within=[], bounding_box=BoundingBox(_api=<tweepy.api.API object at 0x2b235387f970>, type='Polygon', coordinates=[[[-84.3100508, 33.776522], [-84.262886, 33.776522], [-84.262886, 33.8290994], [-84.3100508, 33.8290994]]]), attributes={})"
32087,1425252477746692097,2021-08-11 00:27:25+00:00,And because I can‚Äôt just choose one https://t.co/7VGbog7mxv https://t.co/llbzAFvmgJ,"North Decatur, GA","[[[-84.3100508, 33.776522], [-84.262886, 33.776522], [-84.262886, 33.8290994], [-84.3100508, 33.8290994]]]","Place(_api=<tweepy.api.API object at 0x2b235387f970>, id='7af0fb6f137530df', url='https://api.twitter.com/1.1/geo/id/7af0fb6f137530df.json', place_type='city', name='North Decatur', full_name='North Decatur, GA', country_code='US', country='United States', contained_within=[], bounding_box=BoundingBox(_api=<tweepy.api.API object at 0x2b235387f970>, type='Polygon', coordinates=[[[-84.3100508, 33.776522], [-84.262886, 33.776522], [-84.262886, 33.8290994], [-84.3100508, 33.8290994]]]), attributes={})"
32083,1425252949123641346,2021-08-11 00:29:17+00:00,Great stat https://t.co/jc1ww43E9l,"Raleigh, NC","[[[-78.818343, 35.7158045], [-78.497331, 35.7158045], [-78.497331, 35.9721579], [-78.818343, 35.9721579]]]","Place(_api=<tweepy.api.API object at 0x2b235387f970>, id='161d2f18e3a0445a', url='https://api.twitter.com/1.1/geo/id/161d2f18e3a0445a.json', place_type='city', name='Raleigh', full_name='Raleigh, NC', country_code='US', country='United States', contained_within=[], bounding_box=BoundingBox(_api=<tweepy.api.API object at 0x2b235387f970>, type='Polygon', coordinates=[[[-78.818343, 35.7158045], [-78.497331, 35.7158045], [-78.497331, 35.9721579], [-78.818343, 35.9721579]]]), attributes={})"
363,1425255137258397699,2021-08-11 00:37:59+00:00,@SjoerdMarijne You will be truly missed by #indianwomenhockey team and all Indians üáÆüá≥ I watched all olympics hockey‚Ä¶ https://t.co/flloZL0e69,"Morrisville, NC","[[[-78.881022, 35.796927], [-78.786799, 35.796927], [-78.786799, 35.8707539], [-78.881022, 35.8707539]]]","Place(_api=<tweepy.api.API object at 0x2b235387f970>, id='0122292c5bc9ff29', url='https://api.twitter.com/1.1/geo/id/0122292c5bc9ff29.json', place_type='city', name='Morrisville', full_name='Morrisville, NC', country_code='US', country='United States', contained_within=[], bounding_box=BoundingBox(_api=<tweepy.api.API object at 0x2b235387f970>, type='Polygon', coordinates=[[[-78.881022, 35.796927], [-78.786799, 35.796927], [-78.786799, 35.8707539], [-78.881022, 35.8707539]]]), attributes={})"
7803,1425255981391368193,2021-08-11 00:41:20+00:00,I celebrate these incredible athletes. So proud of them https://t.co/kyN1ZiUks0,"Phoenix, AZ","[[[-112.3239143, 33.29026], [-111.9254391, 33.29026], [-111.9254391, 33.8154652], [-112.3239143, 33.8154652]]]","Place(_api=<tweepy.api.API object at 0x2b235387f970>, id='5c62ffb0f0f3479d', url='https://api.twitter.com/1.1/geo/id/5c62ffb0f0f3479d.json', place_type='city', name='Phoenix', full_name='Phoenix, AZ', country_code='US', country='United States', contained_within=[], bounding_box=BoundingBox(_api=<tweepy.api.API object at 0x2b235387f970>, type='Polygon', coordinates=[[[-112.3239143, 33.29026], [-111.9254391, 33.29026], [-111.9254391, 33.8154652], [-112.3239143, 33.8154652]]]), attributes={})"
7968,1425256064845455361,2021-08-11 00:41:40+00:00,Of course ‚ù§ https://t.co/Pl9XT9zrQQ,"San Marcos, CA","[[[-117.2301723, 33.0907611], [-117.103461, 33.0907611], [-117.103461, 33.186722], [-117.2301723, 33.186722]]]","Place(_api=<tweepy.api.API object at 0x2b235387f970>, id='a2c84129f9dcf69f', url='https://api.twitter.com/1.1/geo/id/a2c84129f9dcf69f.json', place_type='city', name='San Marcos', full_name='San Marcos, CA', country_code='US', country='United States', contained_within=[], bounding_box=BoundingBox(_api=<tweepy.api.API object at 0x2b235387f970>, type='Polygon', coordinates=[[[-117.2301723, 33.0907611], [-117.103461, 33.0907611], [-117.103461, 33.186722], [-117.2301723, 33.186722]]]), attributes={})"
8242,1425257100817702914,2021-08-11 00:45:47+00:00,@BarstoolMintzy pew pew on Walkers ass https://t.co/xdtqLHuJQi,"Old Jefferson, LA","[[[-91.057114, 30.323548], [-90.968964, 30.323548], [-90.968964, 30.393894], [-91.057114, 30.393894]]]","Place(_api=<tweepy.api.API object at 0x2b235387f970>, id='004414a528d1e5d7', url='https://api.twitter.com/1.1/geo/id/004414a528d1e5d7.json', place_type='city', name='Old Jefferson', full_name='Old Jefferson, LA', country_code='US', country='United States', contained_within=[], bounding_box=BoundingBox(_api=<tweepy.api.API object at 0x2b235387f970>, type='Polygon', coordinates=[[[-91.057114, 30.323548], [-90.968964, 30.323548], [-90.968964, 30.393894], [-91.057114, 30.393894]]]), attributes={})"
7905,1425257597653880833,2021-08-11 00:47:45+00:00,"Bolingbrook, IL | Coffee for Champions - Special Olympics Illinois | The #Bolingbrook Police Department and your lo‚Ä¶ https://t.co/XJjXL6Oq0g","Bolingbrook, IL","[[[-88.18516, 41.630746], [-88.0269003, 41.630746], [-88.0269003, 41.7359316], [-88.18516, 41.7359316]]]","Place(_api=<tweepy.api.API object at 0x2b235387f970>, id='0991d757989cef56', url='https://api.twitter.com/1.1/geo/id/0991d757989cef56.json', place_type='city', name='Bolingbrook', full_name='Bolingbrook, IL', country_code='US', country='United States', contained_within=[], bounding_box=BoundingBox(_api=<tweepy.api.API object at 0x2b235387f970>, type='Polygon', coordinates=[[[-88.18516, 41.630746], [-88.0269003, 41.630746], [-88.0269003, 41.7359316], [-88.18516, 41.7359316]]]), attributes={})"
1801,1425258257778626561,2021-08-11 00:50:23+00:00,"Russia is whining that the Olympics were rigged, and their gold medals were stolen. Where have I heard that rhetori‚Ä¶ https://t.co/Xg3JLgVMtC","Lakewood, OH","[[[-81.8375, 41.4632453], [-81.768603, 41.4632453], [-81.768603, 41.49759], [-81.8375, 41.49759]]]","Place(_api=<tweepy.api.API object at 0x2b235387f970>, id='888482aa70a3bc61', url='https://api.twitter.com/1.1/geo/id/888482aa70a3bc61.json', place_type='city', name='Lakewood', full_name='Lakewood, OH', country_code='US', country='United States', contained_within=[], bounding_box=BoundingBox(_api=<tweepy.api.API object at 0x2b235387f970>, type='Polygon', coordinates=[[[-81.8375, 41.4632453], [-81.768603, 41.4632453], [-81.768603, 41.49759], [-81.8375, 41.49759]]]), attributes={})"
3180,1425258423558492163,2021-08-11 00:51:02+00:00,"@xaichai I would have won the gold medal for that at this year's Olympics, but I never finished filling out my submission form.","Nashville, TN","[[[-87.022482, 35.9945681], [-86.560616, 35.9945681], [-86.560616, 36.405448], [-87.022482, 36.405448]]]","Place(_api=<tweepy.api.API object at 0x2b235387f970>, id='00ab941b685334e3', url='https://api.twitter.com/1.1/geo/id/00ab941b685334e3.json', place_type='city', name='Nashville', full_name='Nashville, TN', country_code='US', country='United States', contained_within=[], bounding_box=BoundingBox(_api=<tweepy.api.API object at 0x2b235387f970>, type='Polygon', coordinates=[[[-87.022482, 35.9945681], [-86.560616, 35.9945681], [-86.560616, 36.405448], [-87.022482, 36.405448]]]), attributes={})"
207,1425258992633327619,2021-08-11 00:53:18+00:00,@ScottMccarron Do you think that you can make the Olympics in Skateboarding? You‚Äôre gonna have to work in some bett‚Ä¶ https://t.co/uR5FDcNRwD,"Columbus, IN","[[[-85.996969, 39.163203], [-85.847755, 39.163203], [-85.847755, 39.25966], [-85.996969, 39.25966]]]","Place(_api=<tweepy.api.API object at 0x2b235387f970>, id='49f0a5eb038077e9', url='https://api.twitter.com/1.1/geo/id/49f0a5eb038077e9.json', place_type='city', name='Columbus', full_name='Columbus, IN', country_code='US', country='United States', contained_within=[], bounding_box=BoundingBox(_api=<tweepy.api.API object at 0x2b235387f970>, type='Polygon', coordinates=[[[-85.996969, 39.163203], [-85.847755, 39.163203], [-85.847755, 39.25966], [-85.996969, 39.25966]]]), attributes={})"
1796,1425260005998141445,2021-08-11 00:57:20+00:00,y‚Äôall. I almost put on a @hallmarkchannel movie because I have no idea what to do now that the @Olympics are over!‚Ä¶ https://t.co/9P0G4OgaIZ,"Mason, OH","[[[-84.353179, 39.2922867], [-84.252354, 39.2922867], [-84.252354, 39.399373], [-84.353179, 39.399373]]]","Place(_api=<tweepy.api.API object at 0x2b235387f970>, id='c386e8441572506e', url='https://api.twitter.com/1.1/geo/id/c386e8441572506e.json', place_type='city', name='Mason', full_name='Mason, OH', country_code='US', country='United States', contained_within=[], bounding_box=BoundingBox(_api=<tweepy.api.API object at 0x2b235387f970>, type='Polygon', coordinates=[[[-84.353179, 39.2922867], [-84.252354, 39.2922867], [-84.252354, 39.399373], [-84.353179, 39.399373]]]), attributes={})"
217,1425260933291593734,2021-08-11 01:01:01+00:00,More people care about Futbol than people who watch your show in a month. https://t.co/RYz973QY0W,"Altamonte Springs, FL","[[[-81.443607, 28.639994], [-81.343699, 28.639994], [-81.343699, 28.689613], [-81.443607, 28.689613]]]","Place(_api=<tweepy.api.API object at 0x2b235387f970>, id='e40595796da14879', url='https://api.twitter.com/1.1/geo/id/e40595796da14879.json', place_type='city', name='Altamonte Springs', full_name='Altamonte Springs, FL', country_code='US', country='United States', contained_within=[], bounding_box=BoundingBox(_api=<tweepy.api.API object at 0x2b235387f970>, type='Polygon', coordinates=[[[-81.443607, 28.639994], [-81.343699, 28.639994], [-81.343699, 28.689613], [-81.443607, 28.689613]]]), attributes={})"
14362,1425262357232685060,2021-08-11 01:06:40+00:00,"#JerseyCity resident, Dagmara Wozniak represented NJ &amp; the US at the Tokyo Olympics! She‚Äôs a star in our eyes! ü§©‚Ä¶ https://t.co/JWzwbFaU7E","Jersey City, NJ","[[[-74.05136977204415, 40.730069155902086], [-74.05136977204415, 40.730069155902086], [-74.05136977204415, 40.730069155902086], [-74.05136977204415, 40.730069155902086]]]","Place(_api=<tweepy.api.API object at 0x2b235387f970>, id='07d9e48b82082007', url='https://api.twitter.com/1.1/geo/id/07d9e48b82082007.json', place_type='poi', name='Jersey City, NJ', full_name='Jersey City, NJ', country_code='US', country='United States', contained_within=[], bounding_box=BoundingBox(_api=<tweepy.api.API object at 0x2b235387f970>, type='Polygon', coordinates=[[[-74.05136977204415, 40.730069155902086], [-74.05136977204415, 40.730069155902086], [-74.05136977204415, 40.730069155902086], [-74.05136977204415, 40.730069155902086]]]), attributes={})"
48163,1425263248618704901,2021-08-11 01:10:13+00:00,Imagine ü§∑üèø‚Äç‚ôÇÔ∏è https://t.co/cJJDusbwY1,"Wareham, MA","[[[-70.763401, 41.73348], [-70.621585, 41.73348], [-70.621585, 41.80338], [-70.763401, 41.80338]]]","Place(_api=<tweepy.api.API object at 0x2b235387f970>, id='01a44fd748d7e728', url='https://api.twitter.com/1.1/geo/id/01a44fd748d7e728.json', place_type='city', name='Wareham', full_name='Wareham, MA', country_code='US', country='United States', contained_within=[], bounding_box=BoundingBox(_api=<tweepy.api.API object at 0x2b235387f970>, type='Polygon', coordinates=[[[-70.763401, 41.73348], [-70.621585, 41.73348], [-70.621585, 41.80338], [-70.763401, 41.80338]]]), attributes={})"
54318,1425265078752907270,2021-08-11 01:17:29+00:00,"@SifanHassan is superhuman!!üí™üèæ
6 races
24,500m (30+ miles)
61+ laps
Getting tripped on the final lap of the 1500m p‚Ä¶ https://t.co/sQitYgIWG9","Hillsborough, NJ","[[[-74.6936749, 40.455306], [-74.571998, 40.455306], [-74.571998, 40.547849], [-74.6936749, 40.547849]]]","Place(_api=<tweepy.api.API object at 0x2b235387f970>, id='000a76c020fc19ce', url='https://api.twitter.com/1.1/geo/id/000a76c020fc19ce.json', place_type='city', name='Hillsborough', full_name='Hillsborough, NJ', country_code='US', country='United States', contained_within=[], bounding_box=BoundingBox(_api=<tweepy.api.API object at 0x2b235387f970>, type='Polygon', coordinates=[[[-74.6936749, 40.455306], [-74.571998, 40.455306], [-74.571998, 40.547849], [-74.6936749, 40.547849]]]), attributes={})"
48990,1425265610720780293,2021-08-11 01:19:36+00:00,https://t.co/mGaPwrlLMk https://t.co/qGIgcRwgCj,"Fort Mill, SC","[[[-80.991523, 34.897011], [-80.803177, 34.897011], [-80.803177, 35.107416], [-80.991523, 35.107416]]]","Place(_api=<tweepy.api.API object at 0x2b235387f970>, id='fa2609437f549b51', url='https://api.twitter.com/1.1/geo/id/fa2609437f549b51.json', place_type='city', name='Fort Mill', full_name='Fort Mill, SC', country_code='US', country='United States', contained_within=[], bounding_box=BoundingBox(_api=<tweepy.api.API object at 0x2b235387f970>, type='Polygon', coordinates=[[[-80.991523, 34.897011], [-80.803177, 34.897011], [-80.803177, 35.107416], [-80.991523, 35.107416]]]), attributes={})"
47866,1425265939382259713,2021-08-11 01:20:54+00:00,Reminded me of the emotions expressed at the just concluded Olympics #Agt https://t.co/VQzlMTCw9C,"Queens, NY","[[[-73.962582, 40.541722], [-73.699793, 40.541722], [-73.699793, 40.8000371], [-73.962582, 40.8000371]]]","Place(_api=<tweepy.api.API object at 0x2b235387f970>, id='00c39537733fa112', url='https://api.twitter.com/1.1/geo/id/00c39537733fa112.json', place_type='city', name='Queens', full_name='Queens, NY', country_code='US', country='United States', contained_within=[], bounding_box=BoundingBox(_api=<tweepy.api.API object at 0x2b235387f970>, type='Polygon', coordinates=[[[-73.962582, 40.541722], [-73.699793, 40.541722], [-73.699793, 40.8000371], [-73.962582, 40.8000371]]]), attributes={})"
48171,1425267152345567235,2021-08-11 01:25:43+00:00,hahhahahahahhaahhahahah chase tag plz I beg https://t.co/xiSqBu1DQ0,"Jackson, NJ","[[[-74.4205476, 40.104655], [-74.3428068, 40.104655], [-74.3428068, 40.1610208], [-74.4205476, 40.1610208]]]","Place(_api=<tweepy.api.API object at 0x2b235387f970>, id='0038762c5f7d772a', url='https://api.twitter.com/1.1/geo/id/0038762c5f7d772a.json', place_type='city', name='Jackson', full_name='Jackson, NJ', country_code='US', country='United States', contained_within=[], bounding_box=BoundingBox(_api=<tweepy.api.API object at 0x2b235387f970>, type='Polygon', coordinates=[[[-74.4205476, 40.104655], [-74.3428068, 40.104655], [-74.3428068, 40.1610208], [-74.4205476, 40.1610208]]]), attributes={})"
13940,1425269621540728834,2021-08-11 01:35:32+00:00,Merci Tokyo 2020!! https://t.co/91KPvPRSY9,"Carolina, Puerto Rico","[[[-66.013124, 18.276014], [-65.901643, 18.276014], [-65.901643, 18.441873], [-66.013124, 18.441873]]]","Place(_api=<tweepy.api.API object at 0x2b235387f970>, id='008ba0466750b9fb', url='https://api.twitter.com/1.1/geo/id/008ba0466750b9fb.json', place_type='city', name='Carolina', full_name='Carolina, Puerto Rico', country_code='US', country='United States', contained_within=[], bounding_box=BoundingBox(_api=<tweepy.api.API object at 0x2b235387f970>, type='Polygon', coordinates=[[[-66.013124, 18.276014], [-65.901643, 18.276014], [-65.901643, 18.441873], [-66.013124, 18.441873]]]), attributes={})"
1143,1425271594885083137,2021-08-11 01:43:23+00:00,"If you can do it at 7000 feet, you're golden. https://t.co/o2sl8SynvW","Flagstaff, AZ","[[[-111.710027, 35.122005], [-111.560272, 35.122005], [-111.560272, 35.243495], [-111.710027, 35.243495]]]","Place(_api=<tweepy.api.API object at 0x2b235387f970>, id='fdbee5cdec8043ac', url='https://api.twitter.com/1.1/geo/id/fdbee5cdec8043ac.json', place_type='city', name='Flagstaff', full_name='Flagstaff, AZ', country_code='US', country='United States', contained_within=[], bounding_box=BoundingBox(_api=<tweepy.api.API object at 0x2b235387f970>, type='Polygon', coordinates=[[[-111.710027, 35.122005], [-111.560272, 35.122005], [-111.560272, 35.243495], [-111.710027, 35.243495]]]), attributes={})"
3741,1425271833423663104,2021-08-11 01:44:20+00:00,Yes https://t.co/KnOrxhaTdZ,"Nebraska, USA","[[[-104.053515, 39.9997506], [-95.30829, 39.9997506], [-95.30829, 43.001708], [-104.053515, 43.001708]]]","Place(_api=<tweepy.api.API object at 0x2b235387f970>, id='ac9b9070f6d17a9a', url='https://api.twitter.com/1.1/geo/id/ac9b9070f6d17a9a.json', place_type='admin', name='Nebraska', full_name='Nebraska, USA', country_code='US', country='United States', contained_within=[], bounding_box=BoundingBox(_api=<tweepy.api.API object at 0x2b235387f970>, type='Polygon', coordinates=[[[-104.053515, 39.9997506], [-95.30829, 39.9997506], [-95.30829, 43.001708], [-104.053515, 43.001708]]]), attributes={})"
409,1425271936486096898,2021-08-11 01:44:44+00:00,@Russellmania621 @stevesolomon  look at this bullet https://t.co/XLk4TqL4ZG,"Shady Side, MD","[[[-76.561414, 38.805004], [-76.490386, 38.805004], [-76.490386, 38.853189], [-76.561414, 38.853189]]]","Place(_api=<tweepy.api.API object at 0x2b235387f970>, id='3dc2b33ed4b4f863', url='https://api.twitter.com/1.1/geo/id/3dc2b33ed4b4f863.json', place_type='city', name='Shady Side', full_name='Shady Side, MD', country_code='US', country='United States', contained_within=[], bounding_box=BoundingBox(_api=<tweepy.api.API object at 0x2b235387f970>, type='Polygon', coordinates=[[[-76.561414, 38.805004], [-76.490386, 38.805004], [-76.490386, 38.853189], [-76.561414, 38.853189]]]), attributes={})"
852,1425274486006427651,2021-08-11 01:54:52+00:00,Ay mane ü§£ü§£ü§£ https://t.co/e6mMz3TIKi,"Charlotte, NC","[[[-81.046876, 35.001706], [-80.646695, 35.001706], [-80.646695, 35.416412], [-81.046876, 35.416412]]]","Place(_api=<tweepy.api.API object at 0x2b235387f970>, id='512a8a4a4c4b4be0', url='https://api.twitter.com/1.1/geo/id/512a8a4a4c4b4be0.json', place_type='city', name='Charlotte', full_name='Charlotte, NC', country_code='US', country='United States', contained_within=[], bounding_box=BoundingBox(_api=<tweepy.api.API object at 0x2b235387f970>, type='Polygon', coordinates=[[[-81.046876, 35.001706], [-80.646695, 35.001706], [-80.646695, 35.416412], [-81.046876, 35.416412]]]), attributes={})"
4586,1425274658702700544,2021-08-11 01:55:33+00:00,A maratona das Olimp√≠adas de Paris vai ter participa√ß√£o aberta para atletas amadores. Nem completei minha meia mara‚Ä¶ https://t.co/llBRJlGgSQ,"Normal, IL","[[[-89.061798, 40.4878376], [-88.921261, 40.4878376], [-88.921261, 40.561712], [-89.061798, 40.561712]]]","Place(_api=<tweepy.api.API object at 0x2b235387f970>, id='fc7c2e706034396b', url='https://api.twitter.com/1.1/geo/id/fc7c2e706034396b.json', place_type='city', name='Normal', full_name='Normal, IL', country_code='US', country='United States', contained_within=[], bounding_box=BoundingBox(_api=<tweepy.api.API object at 0x2b235387f970>, type='Polygon', coordinates=[[[-89.061798, 40.4878376], [-88.921261, 40.4878376], [-88.921261, 40.561712], [-89.061798, 40.561712]]]), attributes={})"
4421,1425275731819569157,2021-08-11 01:59:49+00:00,Congratulations to Nigeria #Nigeria Olympic #Olympics medallists Blessing Oborududu #blessingoborududu and Ese Brum‚Ä¶ https://t.co/EvseuIxkhD,"Buffalo, NY","[[[-78.912276, 42.826008], [-78.79485, 42.826008], [-78.79485, 42.966451], [-78.912276, 42.966451]]]","Place(_api=<tweepy.api.API object at 0x2b235387f970>, id='a307591cd0413588', url='https://api.twitter.com/1.1/geo/id/a307591cd0413588.json', place_type='city', name='Buffalo', full_name='Buffalo, NY', country_code='US', country='United States', contained_within=[], bounding_box=BoundingBox(_api=<tweepy.api.API object at 0x2b235387f970>, type='Polygon', coordinates=[[[-78.912276, 42.826008], [-78.79485, 42.826008], [-78.79485, 42.966451], [-78.912276, 42.966451]]]), attributes={})"
4429,1425275916222095364,2021-08-11 02:00:33+00:00,"My Uncle Dick Davies kneels in prayer after winning gold in basketball at 1964 Tokyo Olympics. üôè‚ù§ü§óüèÄ @ Tokyo, Japan https://t.co/rJJRFVSZak","Palm Springs, CA","[[[-116.5677878, 33.7794258], [-116.466791, 33.7794258], [-116.466791, 33.8707332], [-116.5677878, 33.8707332]]]","Place(_api=<tweepy.api.API object at 0x2b235387f970>, id='4265ece9285a2872', url='https://api.twitter.com/1.1/geo/id/4265ece9285a2872.json', place_type='city', name='Palm Springs', full_name='Palm Springs, CA', country_code='US', country='United States', contained_within=[], bounding_box=BoundingBox(_api=<tweepy.api.API object at 0x2b235387f970>, type='Polygon', coordinates=[[[-116.5677878, 33.7794258], [-116.466791, 33.7794258], [-116.466791, 33.8707332], [-116.5677878, 33.8707332]]]), attributes={})"
4864,1425275952339247114,2021-08-11 02:00:42+00:00,https://t.co/E070AoFAQh https://t.co/zEGTbqVsAu,"West Columbia, SC","[[[-81.152795, 33.958527], [-81.048908, 33.958527], [-81.048908, 34.025515], [-81.152795, 34.025515]]]","Place(_api=<tweepy.api.API object at 0x2b235387f970>, id='727398bc2ac5620b', url='https://api.twitter.com/1.1/geo/id/727398bc2ac5620b.json', place_type='city', name='West Columbia', full_name='West Columbia, SC', country_code='US', country='United States', contained_within=[], bounding_box=BoundingBox(_api=<tweepy.api.API object at 0x2b235387f970>, type='Polygon', coordinates=[[[-81.152795, 33.958527], [-81.048908, 33.958527], [-81.048908, 34.025515], [-81.152795, 34.025515]]]), attributes={})"
841,1425276878726868992,2021-08-11 02:04:22+00:00,Seeing how I can get a Olympics torch replica at my wedding reception,"Charlotte, NC","[[[-81.046876, 35.001706], [-80.646695, 35.001706], [-80.646695, 35.416412], [-81.046876, 35.416412]]]","Place(_api=<tweepy.api.API object at 0x2b235387f970>, id='512a8a4a4c4b4be0', url='https://api.twitter.com/1.1/geo/id/512a8a4a4c4b4be0.json', place_type='city', name='Charlotte', full_name='Charlotte, NC', country_code='US', country='United States', contained_within=[], bounding_box=BoundingBox(_api=<tweepy.api.API object at 0x2b235387f970>, type='Polygon', coordinates=[[[-81.046876, 35.001706], [-80.646695, 35.001706], [-80.646695, 35.416412], [-81.046876, 35.416412]]]), attributes={})"
4835,1425277116707446790,2021-08-11 02:05:19+00:00,"Still got it, Conan! https://t.co/FPVp60Whsb","Tulsa, OK","[[[-96.0656278, 35.968624], [-95.761656, 35.968624], [-95.761656, 36.250159], [-96.0656278, 36.250159]]]","Place(_api=<tweepy.api.API object at 0x2b235387f970>, id='cb74aaf709812e0f', url='https://api.twitter.com/1.1/geo/id/cb74aaf709812e0f.json', place_type='city', name='Tulsa', full_name='Tulsa, OK', country_code='US', country='United States', contained_within=[], bounding_box=BoundingBox(_api=<tweepy.api.API object at 0x2b235387f970>, type='Polygon', coordinates=[[[-96.0656278, 35.968624], [-95.761656, 35.968624], [-95.761656, 36.250159], [-96.0656278, 36.250159]]]), attributes={})"
3748,1425277130858971136,2021-08-11 02:05:23+00:00,For everyone that is sad about the Olympics being over- we only have to wait two more weeks!! #ShowTheWorld https://t.co/EpyJQMn8BC,"Northville, MI","[[[-83.551193, 42.393398], [-83.430722, 42.393398], [-83.430722, 42.444865], [-83.551193, 42.444865]]]","Place(_api=<tweepy.api.API object at 0x2b235387f970>, id='006a69011e2bfd34', url='https://api.twitter.com/1.1/geo/id/006a69011e2bfd34.json', place_type='city', name='Northville', full_name='Northville, MI', country_code='US', country='United States', contained_within=[], bounding_box=BoundingBox(_api=<tweepy.api.API object at 0x2b235387f970>, type='Polygon', coordinates=[[[-83.551193, 42.393398], [-83.430722, 42.393398], [-83.430722, 42.444865], [-83.551193, 42.444865]]]), attributes={})"
4671,1425280443897761795,2021-08-11 02:18:32+00:00,üëçü§≤ https://t.co/WLe0i6aQES,"Georgia, USA","[[[-85.605166, 30.355644], [-80.742567, 30.355644], [-80.742567, 35.000771], [-85.605166, 35.000771]]]","Place(_api=<tweepy.api.API object at 0x2b235387f970>, id='7142eb97ae21e839', url='https://api.twitter.com/1.1/geo/id/7142eb97ae21e839.json', place_type='admin', name='Georgia', full_name='Georgia, USA', country_code='US', country='United States', contained_within=[], bounding_box=BoundingBox(_api=<tweepy.api.API object at 0x2b235387f970>, type='Polygon', coordinates=[[[-85.605166, 30.355644], [-80.742567, 30.355644], [-80.742567, 35.000771], [-85.605166, 35.000771]]]), attributes={})"
4944,1425280590463574016,2021-08-11 02:19:07+00:00,I hope this sticks. I can't keep having these false hopes &gt;.&lt; https://t.co/D0AtRdP4Mn,"McKinney, TX","[[[-96.803319, 33.137357], [-96.595889, 33.137357], [-96.595889, 33.251946], [-96.803319, 33.251946]]]","Place(_api=<tweepy.api.API object at 0x2b235387f970>, id='7eeed20da9c42064', url='https://api.twitter.com/1.1/geo/id/7eeed20da9c42064.json', place_type='city', name='McKinney', full_name='McKinney, TX', country_code='US', country='United States', contained_within=[], bounding_box=BoundingBox(_api=<tweepy.api.API object at 0x2b235387f970>, type='Polygon', coordinates=[[[-96.803319, 33.137357], [-96.595889, 33.137357], [-96.595889, 33.251946], [-96.803319, 33.251946]]]), attributes={})"
521,1425284207555727360,2021-08-11 02:33:30+00:00,#Tokyo2020 https://t.co/PvdQvav9s3,"Sacramento, CA","[[[-121.576613, 38.43792], [-121.362715, 38.43792], [-121.362715, 38.6855236], [-121.576613, 38.6855236]]]","Place(_api=<tweepy.api.API object at 0x2b235387f970>, id='b71fac2ee9792cbe', url='https://api.twitter.com/1.1/geo/id/b71fac2ee9792cbe.json', place_type='city', name='Sacramento', full_name='Sacramento, CA', country_code='US', country='United States', contained_within=[], bounding_box=BoundingBox(_api=<tweepy.api.API object at 0x2b235387f970>, type='Polygon', coordinates=[[[-121.576613, 38.43792], [-121.362715, 38.43792], [-121.362715, 38.6855236], [-121.576613, 38.6855236]]]), attributes={})"
11756,1425285135570587648,2021-08-11 02:37:11+00:00,Do yourself a favor and watch these shows before your cancel your Olympics Peacock subscription! https://t.co/s294Gumgp8,"Los Angeles, CA","[[[-118.668404, 33.704538], [-118.155409, 33.704538], [-118.155409, 34.337041], [-118.668404, 34.337041]]]","Place(_api=<tweepy.api.API object at 0x2b235387f970>, id='3b77caf94bfc81fe', url='https://api.twitter.com/1.1/geo/id/3b77caf94bfc81fe.json', place_type='city', name='Los Angeles', full_name='Los Angeles, CA', country_code='US', country='United States', contained_within=[], bounding_box=BoundingBox(_api=<tweepy.api.API object at 0x2b235387f970>, type='Polygon', coordinates=[[[-118.668404, 33.704538], [-118.155409, 33.704538], [-118.155409, 34.337041], [-118.668404, 34.337041]]]), attributes={})"
57831,1425286452758290432,2021-08-11 02:42:25+00:00,"Proud is an understatement,  @DaubeHannes! ü§Ωüèº‚Äç‚ôÇÔ∏è
‚Ä¢
During #Tokyo2020 , everyone around the üåé saw the years of hard‚Ä¶ https://t.co/HceTSkHXRs","Orange, CA","[[[-117.904717, 33.77319], [-117.743381, 33.77319], [-117.743381, 33.847128], [-117.904717, 33.847128]]]","Place(_api=<tweepy.api.API object at 0x2b235387f970>, id='20ba6fb3b1ee82da', url='https://api.twitter.com/1.1/geo/id/20ba6fb3b1ee82da.json', place_type='city', name='Orange', full_name='Orange, CA', country_code='US', country='United States', contained_within=[], bounding_box=BoundingBox(_api=<tweepy.api.API object at 0x2b235387f970>, type='Polygon', coordinates=[[[-117.904717, 33.77319], [-117.743381, 33.77319], [-117.743381, 33.847128], [-117.904717, 33.847128]]]), attributes={})"
58101,1425287710881812481,2021-08-11 02:47:25+00:00,@fawfulfan The Los Angeles Summer Olympics. üòÅ,"Tipp City, OH","[[[-84.22917, 39.93734], [-84.162137, 39.93734], [-84.162137, 39.995657], [-84.22917, 39.995657]]]","Place(_api=<tweepy.api.API object at 0x2b235387f970>, id='2f711fd7b5e639e7', url='https://api.twitter.com/1.1/geo/id/2f711fd7b5e639e7.json', place_type='city', name='Tipp City', full_name='Tipp City, OH', country_code='US', country='United States', contained_within=[], bounding_box=BoundingBox(_api=<tweepy.api.API object at 0x2b235387f970>, type='Polygon', coordinates=[[[-84.22917, 39.93734], [-84.162137, 39.93734], [-84.162137, 39.995657], [-84.22917, 39.995657]]]), attributes={})"
59201,1425288011416227841,2021-08-11 02:48:37+00:00,Best admin ever!!! https://t.co/3L6wOFqSGl,"Kentucky, USA","[[[-89.57151, 36.497129], [-81.964971, 36.497129], [-81.964971, 39.147359], [-89.57151, 39.147359]]]","Place(_api=<tweepy.api.API object at 0x2b235387f970>, id='6ffcf3b0b904bbcb', url='https://api.twitter.com/1.1/geo/id/6ffcf3b0b904bbcb.json', place_type='admin', name='Kentucky', full_name='Kentucky, USA', country_code='US', country='United States', contained_within=[], bounding_box=BoundingBox(_api=<tweepy.api.API object at 0x2b235387f970>, type='Polygon', coordinates=[[[-89.57151, 36.497129], [-81.964971, 36.497129], [-81.964971, 39.147359], [-89.57151, 39.147359]]]), attributes={})"
12159,1425288544667553793,2021-08-11 02:50:44+00:00,@meyekuel You know in the Olympics Iran won gold in karate after getting knocked out by a kick. Because the kick was ‚Äútoo forceful‚Äù SOFT!,"Corpus Christi, TX","[[[-97.662618, 27.578509], [-97.202232, 27.578509], [-97.202232, 27.895793], [-97.662618, 27.895793]]]","Place(_api=<tweepy.api.API object at 0x2b235387f970>, id='a3d770a00f15bcb1', url='https://api.twitter.com/1.1/geo/id/a3d770a00f15bcb1.json', place_type='city', name='Corpus Christi', full_name='Corpus Christi, TX', country_code='US', country='United States', contained_within=[], bounding_box=BoundingBox(_api=<tweepy.api.API object at 0x2b235387f970>, type='Polygon', coordinates=[[[-97.662618, 27.578509], [-97.202232, 27.578509], [-97.202232, 27.895793], [-97.662618, 27.895793]]]), attributes={})"
58249,1425290621800091650,2021-08-11 02:58:59+00:00,Facts!! It‚Äôs been a rough two weeks. https://t.co/455lYGHGWn,"Alabama, USA","[[[-88.473228, 30.144425], [-84.888247, 30.144425], [-84.888247, 35.008029], [-88.473228, 35.008029]]]","Place(_api=<tweepy.api.API object at 0x2b235387f970>, id='288de3df481163e8', url='https://api.twitter.com/1.1/geo/id/288de3df481163e8.json', place_type='admin', name='Alabama', full_name='Alabama, USA', country_code='US', country='United States', contained_within=[], bounding_box=BoundingBox(_api=<tweepy.api.API object at 0x2b235387f970>, type='Polygon', coordinates=[[[-88.473228, 30.144425], [-84.888247, 30.144425], [-84.888247, 35.008029], [-88.473228, 35.008029]]]), attributes={})"
59202,1425291939415576576,2021-08-11 03:04:13+00:00,"Peace And Unity In The Olympics

Shout out to Juan Liu, Table Tennis, College Point

https://t.co/zEHrS4bdWv‚Ä¶ https://t.co/ujzVArLiGL","Queens, NY","[[[-73.962582, 40.541722], [-73.699793, 40.541722], [-73.699793, 40.8000371], [-73.962582, 40.8000371]]]","Place(_api=<tweepy.api.API object at 0x2b235387f970>, id='00c39537733fa112', url='https://api.twitter.com/1.1/geo/id/00c39537733fa112.json', place_type='city', name='Queens', full_name='Queens, NY', country_code='US', country='United States', contained_within=[], bounding_box=BoundingBox(_api=<tweepy.api.API object at 0x2b235387f970>, type='Polygon', coordinates=[[[-73.962582, 40.541722], [-73.699793, 40.541722], [-73.699793, 40.8000371], [-73.962582, 40.8000371]]]), attributes={})"
36657,1425293335653076997,2021-08-11 03:09:46+00:00,Big boy season around the corner https://t.co/e13XGKWcHP,"San Jose, CA","[[[-122.035311, 37.193164], [-121.71215, 37.193164], [-121.71215, 37.469154], [-122.035311, 37.469154]]]","Place(_api=<tweepy.api.API object at 0x2b235387f970>, id='7d62cffe6f98f349', url='https://api.twitter.com/1.1/geo/id/7d62cffe6f98f349.json', place_type='city', name='San Jose', full_name='San Jose, CA', country_code='US', country='United States', contained_within=[], bounding_box=BoundingBox(_api=<tweepy.api.API object at 0x2b235387f970>, type='Polygon', coordinates=[[[-122.035311, 37.193164], [-121.71215, 37.193164], [-121.71215, 37.469154], [-122.035311, 37.469154]]]), attributes={})"
38991,1425294052044402688,2021-08-11 03:12:37+00:00,I‚Äôm watching the @Olympics marathon and noticed a @mcdonaldsjp in the video.  Now this is a #BigMac üò≥ https://t.co/5rZe9WMh2Q,"Phoenix, AZ","[[[-112.3239143, 33.29026], [-111.9254391, 33.29026], [-111.9254391, 33.8154652], [-112.3239143, 33.8154652]]]","Place(_api=<tweepy.api.API object at 0x2b235387f970>, id='5c62ffb0f0f3479d', url='https://api.twitter.com/1.1/geo/id/5c62ffb0f0f3479d.json', place_type='city', name='Phoenix', full_name='Phoenix, AZ', country_code='US', country='United States', contained_within=[], bounding_box=BoundingBox(_api=<tweepy.api.API object at 0x2b235387f970>, type='Polygon', coordinates=[[[-112.3239143, 33.29026], [-111.9254391, 33.29026], [-111.9254391, 33.8154652], [-112.3239143, 33.8154652]]]), attributes={})"
38999,1425295264873582593,2021-08-11 03:17:26+00:00,@AP Probably because it was impossible to watch the same Olympics online in a satisfying way. Many frustrating hour‚Ä¶ https://t.co/KJGIAkvQJa,"Missouri, USA","[[[-95.774704, 35.995476], [-89.098843, 35.995476], [-89.098843, 40.613641], [-95.774704, 40.613641]]]","Place(_api=<tweepy.api.API object at 0x2b235387f970>, id='2526edd24c06e60c', url='https://api.twitter.com/1.1/geo/id/2526edd24c06e60c.json', place_type='admin', name='Missouri', full_name='Missouri, USA', country_code='US', country='United States', contained_within=[], bounding_box=BoundingBox(_api=<tweepy.api.API object at 0x2b235387f970>, type='Polygon', coordinates=[[[-95.774704, 35.995476], [-89.098843, 35.995476], [-89.098843, 40.613641], [-95.774704, 40.613641]]]), attributes={})"
36643,1425295638439374854,2021-08-11 03:18:55+00:00,DAMN a million dollars a second? That's Bezos type wages https://t.co/auFIBVjwDC,"Michigan, USA","[[[-90.4181075, 41.696088], [-82.122971, 41.696088], [-82.122971, 48.306272], [-90.4181075, 48.306272]]]","Place(_api=<tweepy.api.API object at 0x2b235387f970>, id='67d92742f1ebf307', url='https://api.twitter.com/1.1/geo/id/67d92742f1ebf307.json', place_type='admin', name='Michigan', full_name='Michigan, USA', country_code='US', country='United States', contained_within=[], bounding_box=BoundingBox(_api=<tweepy.api.API object at 0x2b235387f970>, type='Polygon', coordinates=[[[-90.4181075, 41.696088], [-82.122971, 41.696088], [-82.122971, 48.306272], [-90.4181075, 48.306272]]]), attributes={})"
12358,1425296938530914306,2021-08-11 03:24:05+00:00,Alabamian Jesse Owens absolutely owning Hitler in his own country during the 1936 Olympics is American greatness at‚Ä¶ https://t.co/QNReYPNzu9,"Alabama, USA","[[[-88.473228, 30.144425], [-84.888247, 30.144425], [-84.888247, 35.008029], [-88.473228, 35.008029]]]","Place(_api=<tweepy.api.API object at 0x2b235387f970>, id='288de3df481163e8', url='https://api.twitter.com/1.1/geo/id/288de3df481163e8.json', place_type='admin', name='Alabama', full_name='Alabama, USA', country_code='US', country='United States', contained_within=[], bounding_box=BoundingBox(_api=<tweepy.api.API object at 0x2b235387f970>, type='Polygon', coordinates=[[[-88.473228, 30.144425], [-84.888247, 30.144425], [-84.888247, 35.008029], [-88.473228, 35.008029]]]), attributes={})"
36516,1425297366869897216,2021-08-11 03:25:47+00:00,I miss the Olympics üò≠ https://t.co/MoTAETt4d3,"Draper, UT","[[[-111.921988, 40.45236], [-111.823749, 40.45236], [-111.823749, 40.544422], [-111.921988, 40.544422]]]","Place(_api=<tweepy.api.API object at 0x2b235387f970>, id='4c3c7782398bd438', url='https://api.twitter.com/1.1/geo/id/4c3c7782398bd438.json', place_type='city', name='Draper', full_name='Draper, UT', country_code='US', country='United States', contained_within=[], bounding_box=BoundingBox(_api=<tweepy.api.API object at 0x2b235387f970>, type='Polygon', coordinates=[[[-111.921988, 40.45236], [-111.823749, 40.45236], [-111.823749, 40.544422], [-111.921988, 40.544422]]]), attributes={})"
39076,1425299123230625799,2021-08-11 03:32:46+00:00,Messi to PSG. Westbrook to Lakers. Luka 200 milly with Mavs. Canada woman‚Äôs soccer wins olympics. Dak is throwing t‚Ä¶ https://t.co/zzB1D5DDrP,"Dallas, TX","[[[-96.977527, 32.620678], [-96.54598, 32.620678], [-96.54598, 33.019039], [-96.977527, 33.019039]]]","Place(_api=<tweepy.api.API object at 0x2b235387f970>, id='18810aa5b43e76c7', url='https://api.twitter.com/1.1/geo/id/18810aa5b43e76c7.json', place_type='city', name='Dallas', full_name='Dallas, TX', country_code='US', country='United States', contained_within=[], bounding_box=BoundingBox(_api=<tweepy.api.API object at 0x2b235387f970>, type='Polygon', coordinates=[[[-96.977527, 32.620678], [-96.54598, 32.620678], [-96.54598, 33.019039], [-96.977527, 33.019039]]]), attributes={})"
52726,1425300425549389824,2021-08-11 03:37:56+00:00,At the gym watching the Olympics women‚Äôs marathon pretending to be running at their pace üòÇ,"Hawthorne, CA","[[[-118.378926, 33.893614], [-118.31335, 33.893614], [-118.31335, 33.934522], [-118.378926, 33.934522]]]","Place(_api=<tweepy.api.API object at 0x2b235387f970>, id='3134f9d2892d2685', url='https://api.twitter.com/1.1/geo/id/3134f9d2892d2685.json', place_type='city', name='Hawthorne', full_name='Hawthorne, CA', country_code='US', country='United States', contained_within=[], bounding_box=BoundingBox(_api=<tweepy.api.API object at 0x2b235387f970>, type='Polygon', coordinates=[[[-118.378926, 33.893614], [-118.31335, 33.893614], [-118.31335, 33.934522], [-118.378926, 33.934522]]]), attributes={})"
53421,1425301914795659267,2021-08-11 03:43:51+00:00,@jackiantonovich Saw a colleague fall flat a couple years back trying to teach parental conflict with a picture of‚Ä¶ https://t.co/W0qrdyWJAI,"Colorado Springs, CO","[[[-104.910562, 38.741142], [-104.668092, 38.741142], [-104.668092, 39.035895], [-104.910562, 39.035895]]]","Place(_api=<tweepy.api.API object at 0x2b235387f970>, id='adc95f2911133646', url='https://api.twitter.com/1.1/geo/id/adc95f2911133646.json', place_type='city', name='Colorado Springs', full_name='Colorado Springs, CO', country_code='US', country='United States', contained_within=[], bounding_box=BoundingBox(_api=<tweepy.api.API object at 0x2b235387f970>, type='Polygon', coordinates=[[[-104.910562, 38.741142], [-104.668092, 38.741142], [-104.668092, 39.035895], [-104.910562, 39.035895]]]), attributes={})"
54903,1425303313789116419,2021-08-11 03:49:25+00:00,#LaVozArgentina #Biontech #SuicideSquad2 #TheSuicideSquad #GenshinImpact #trap #BacktoSchool2021 #collegelife‚Ä¶ https://t.co/FLJUdHoxTa,"Smyrna, TN","[[[-86.624429, 35.879451], [-86.458783, 35.879451], [-86.458783, 36.029213], [-86.624429, 36.029213]]]","Place(_api=<tweepy.api.API object at 0x2b235387f970>, id='f9eb63ab4f7dd5db', url='https://api.twitter.com/1.1/geo/id/f9eb63ab4f7dd5db.json', place_type='city', name='Smyrna', full_name='Smyrna, TN', country_code='US', country='United States', contained_within=[], bounding_box=BoundingBox(_api=<tweepy.api.API object at 0x2b235387f970>, type='Polygon', coordinates=[[[-86.624429, 35.879451], [-86.458783, 35.879451], [-86.458783, 36.029213], [-86.624429, 36.029213]]]), attributes={})"
53550,1425303601455386624,2021-08-11 03:50:34+00:00,ü§Øü§Ø https://t.co/lE6yKBbJYD,"Mountainaire, AZ","[[[-111.6694491, 35.078034], [-111.649582, 35.078034], [-111.649582, 35.097412], [-111.6694491, 35.097412]]]","Place(_api=<tweepy.api.API object at 0x2b235387f970>, id='3662b42eeb455bab', url='https://api.twitter.com/1.1/geo/id/3662b42eeb455bab.json', place_type='city', name='Mountainaire', full_name='Mountainaire, AZ', country_code='US', country='United States', contained_within=[], bounding_box=BoundingBox(_api=<tweepy.api.API object at 0x2b235387f970>, type='Polygon', coordinates=[[[-111.6694491, 35.078034], [-111.649582, 35.078034], [-111.649582, 35.097412], [-111.6694491, 35.097412]]]), attributes={})"
53443,1425303874584285184,2021-08-11 03:51:39+00:00,So weird to me that people are tripping over themselves to defend NBC‚Äôs Olympics coverage. Was it the worst ever? N‚Ä¶ https://t.co/lraGEVioAD,"Seattle, WA","[[[-122.436232, 47.4953154], [-122.2249728, 47.4953154], [-122.2249728, 47.734319], [-122.436232, 47.734319]]]","Place(_api=<tweepy.api.API object at 0x2b235387f970>, id='300bcc6e23a88361', url='https://api.twitter.com/1.1/geo/id/300bcc6e23a88361.json', place_type='city', name='Seattle', full_name='Seattle, WA', country_code='US', country='United States', contained_within=[], bounding_box=BoundingBox(_api=<tweepy.api.API object at 0x2b235387f970>, type='Polygon', coordinates=[[[-122.436232, 47.4953154], [-122.2249728, 47.4953154], [-122.2249728, 47.734319], [-122.436232, 47.734319]]]), attributes={})"
54197,1425305403215294464,2021-08-11 03:57:43+00:00,üòÇüòÇüòÇ https://t.co/PbInMUrhSC,"Georgia, USA","[[[-85.605166, 30.355644], [-80.742567, 30.355644], [-80.742567, 35.000771], [-85.605166, 35.000771]]]","Place(_api=<tweepy.api.API object at 0x2b235387f970>, id='7142eb97ae21e839', url='https://api.twitter.com/1.1/geo/id/7142eb97ae21e839.json', place_type='admin', name='Georgia', full_name='Georgia, USA', country_code='US', country='United States', contained_within=[], bounding_box=BoundingBox(_api=<tweepy.api.API object at 0x2b235387f970>, type='Polygon', coordinates=[[[-85.605166, 30.355644], [-80.742567, 30.355644], [-80.742567, 35.000771], [-85.605166, 35.000771]]]), attributes={})"
58558,1425306972987871232,2021-08-11 04:03:57+00:00,track and field swimming. Of course no choice ü§∫ü§∫ü§∫ü§∫ü§∫ https://t.co/RLOqX79id3,"Las Cruces, NM","[[[-106.8434266, 32.2383612], [-106.63145, 32.2383612], [-106.63145, 32.446238], [-106.8434266, 32.446238]]]","Place(_api=<tweepy.api.API object at 0x2b235387f970>, id='f515486276aa6192', url='https://api.twitter.com/1.1/geo/id/f515486276aa6192.json', place_type='city', name='Las Cruces', full_name='Las Cruces, NM', country_code='US', country='United States', contained_within=[], bounding_box=BoundingBox(_api=<tweepy.api.API object at 0x2b235387f970>, type='Polygon', coordinates=[[[-106.8434266, 32.2383612], [-106.63145, 32.2383612], [-106.63145, 32.446238], [-106.8434266, 32.446238]]]), attributes={})"
21143,1425307712708091910,2021-08-11 04:06:54+00:00,"@FourthLongRadio @slipthejabpod I did, that‚Äôs why those point fighting sports are a joke in the Olympics","Elkton, MD","[[[-75.889573, 39.565104], [-75.783882, 39.565104], [-75.783882, 39.684947], [-75.889573, 39.684947]]]","Place(_api=<tweepy.api.API object at 0x2b235387f970>, id='a48a6bae6306ab6b', url='https://api.twitter.com/1.1/geo/id/a48a6bae6306ab6b.json', place_type='city', name='Elkton', full_name='Elkton, MD', country_code='US', country='United States', contained_within=[], bounding_box=BoundingBox(_api=<tweepy.api.API object at 0x2b235387f970>, type='Polygon', coordinates=[[[-75.889573, 39.565104], [-75.783882, 39.565104], [-75.783882, 39.684947], [-75.889573, 39.684947]]]), attributes={})"
39253,1425307961929486341,2021-08-11 04:07:53+00:00,This was quite literally the most fun I‚Äôve ever had watching the Olympics. I‚Äôll never forget where I was when it ha‚Ä¶ https://t.co/hVSU50zWbU,"South Carolina, USA","[[[-83.353955, 32.04683], [-78.499301, 32.04683], [-78.499301, 35.215449], [-83.353955, 35.215449]]]","Place(_api=<tweepy.api.API object at 0x2b235387f970>, id='6057f1e35bcc6c20', url='https://api.twitter.com/1.1/geo/id/6057f1e35bcc6c20.json', place_type='admin', name='South Carolina', full_name='South Carolina, USA', country_code='US', country='United States', contained_within=[], bounding_box=BoundingBox(_api=<tweepy.api.API object at 0x2b235387f970>, type='Polygon', coordinates=[[[-83.353955, 32.04683], [-78.499301, 32.04683], [-78.499301, 35.215449], [-83.353955, 35.215449]]]), attributes={})"
29782,1425308964774948864,2021-08-11 04:11:52+00:00,I miss LJ and Twatlight. I think this originated on Twatlight. The Olympics always make me think of LJ and Twatligh‚Ä¶ https://t.co/7F40XtwSSp,"Tampa, FL","[[[-82.620093, 27.821353], [-82.2652945, 27.821353], [-82.2652945, 28.171836], [-82.620093, 28.171836]]]","Place(_api=<tweepy.api.API object at 0x2b235387f970>, id='dc62519fda13b4ec', url='https://api.twitter.com/1.1/geo/id/dc62519fda13b4ec.json', place_type='city', name='Tampa', full_name='Tampa, FL', country_code='US', country='United States', contained_within=[], bounding_box=BoundingBox(_api=<tweepy.api.API object at 0x2b235387f970>, type='Polygon', coordinates=[[[-82.620093, 27.821353], [-82.2652945, 27.821353], [-82.2652945, 28.171836], [-82.620093, 28.171836]]]), attributes={})"
30045,1425309035876655106,2021-08-11 04:12:09+00:00,"@EklecticRose @Olympics Excellent, so the world hasn‚Äôt gone completely nuts ü•úüòÇüò≥ü•¥","Phoenix, AZ","[[[-112.3239143, 33.29026], [-111.9254391, 33.29026], [-111.9254391, 33.8154652], [-112.3239143, 33.8154652]]]","Place(_api=<tweepy.api.API object at 0x2b235387f970>, id='5c62ffb0f0f3479d', url='https://api.twitter.com/1.1/geo/id/5c62ffb0f0f3479d.json', place_type='city', name='Phoenix', full_name='Phoenix, AZ', country_code='US', country='United States', contained_within=[], bounding_box=BoundingBox(_api=<tweepy.api.API object at 0x2b235387f970>, type='Polygon', coordinates=[[[-112.3239143, 33.29026], [-111.9254391, 33.29026], [-111.9254391, 33.8154652], [-112.3239143, 33.8154652]]]), attributes={})"
41114,1425311713755164678,2021-08-11 04:22:48+00:00,"Make one for Philippine‚Äôs first Olympic gold medalist, @diaz_hidilyn! üáµüá≠ 
@Mattel https://t.co/F3zrv0e3TP","Los Angeles, CA","[[[-118.668404, 33.704538], [-118.155409, 33.704538], [-118.155409, 34.337041], [-118.668404, 34.337041]]]","Place(_api=<tweepy.api.API object at 0x2b235387f970>, id='3b77caf94bfc81fe', url='https://api.twitter.com/1.1/geo/id/3b77caf94bfc81fe.json', place_type='city', name='Los Angeles', full_name='Los Angeles, CA', country_code='US', country='United States', contained_within=[], bounding_box=BoundingBox(_api=<tweepy.api.API object at 0x2b235387f970>, type='Polygon', coordinates=[[[-118.668404, 33.704538], [-118.155409, 33.704538], [-118.155409, 34.337041], [-118.668404, 34.337041]]]), attributes={})"
30516,1425312360328142849,2021-08-11 04:25:22+00:00,All I want is to challenge @ochocinco to a few rounds of Video Olympics on the Atari. Im unbeaten and not that grea‚Ä¶ https://t.co/p0DLa0WTwU,"Cody, WY","[[[-109.117759, 44.497233], [-109.008838, 44.497233], [-109.008838, 44.547927], [-109.117759, 44.547927]]]","Place(_api=<tweepy.api.API object at 0x2b235387f970>, id='f9e547dffcfb550d', url='https://api.twitter.com/1.1/geo/id/f9e547dffcfb550d.json', place_type='city', name='Cody', full_name='Cody, WY', country_code='US', country='United States', contained_within=[], bounding_box=BoundingBox(_api=<tweepy.api.API object at 0x2b235387f970>, type='Polygon', coordinates=[[[-109.117759, 44.497233], [-109.008838, 44.497233], [-109.008838, 44.547927], [-109.117759, 44.547927]]]), attributes={})"
29803,1425314816000892930,2021-08-11 04:35:07+00:00,https://t.co/j1w85hJyaI https://t.co/Z8OsihcWQk,"Los Angeles, CA","[[[-118.668404, 33.704538], [-118.155409, 33.704538], [-118.155409, 34.337041], [-118.668404, 34.337041]]]","Place(_api=<tweepy.api.API object at 0x2b235387f970>, id='3b77caf94bfc81fe', url='https://api.twitter.com/1.1/geo/id/3b77caf94bfc81fe.json', place_type='city', name='Los Angeles', full_name='Los Angeles, CA', country_code='US', country='United States', contained_within=[], bounding_box=BoundingBox(_api=<tweepy.api.API object at 0x2b235387f970>, type='Polygon', coordinates=[[[-118.668404, 33.704538], [-118.155409, 33.704538], [-118.155409, 34.337041], [-118.668404, 34.337041]]]), attributes={})"
23125,1425320617826471938,2021-08-11 04:58:11+00:00,Nope. https://t.co/9xGlTkYGrG,"Florida, USA","[[[-87.634643, 24.396308], [-79.974307, 24.396308], [-79.974307, 31.001056], [-87.634643, 31.001056]]]","Place(_api=<tweepy.api.API object at 0x2b235387f970>, id='4ec01c9dbc693497', url='https://api.twitter.com/1.1/geo/id/4ec01c9dbc693497.json', place_type='admin', name='Florida', full_name='Florida, USA', country_code='US', country='United States', contained_within=[], bounding_box=BoundingBox(_api=<tweepy.api.API object at 0x2b235387f970>, type='Polygon', coordinates=[[[-87.634643, 24.396308], [-79.974307, 24.396308], [-79.974307, 31.001056], [-87.634643, 31.001056]]]), attributes={})"
35994,1425324095210725378,2021-08-11 05:12:00+00:00,Watch all the USAWR games! Check the information below. https://t.co/0cKn5tpLy1,"Homewood, AL","[[[-86.84954, 33.414818], [-86.762633, 33.414818], [-86.762633, 33.488982], [-86.84954, 33.488982]]]","Place(_api=<tweepy.api.API object at 0x2b235387f970>, id='d7bd87a33673fb63', url='https://api.twitter.com/1.1/geo/id/d7bd87a33673fb63.json', place_type='city', name='Homewood', full_name='Homewood, AL', country_code='US', country='United States', contained_within=[], bounding_box=BoundingBox(_api=<tweepy.api.API object at 0x2b235387f970>, type='Polygon', coordinates=[[[-86.84954, 33.414818], [-86.762633, 33.414818], [-86.762633, 33.488982], [-86.84954, 33.488982]]]), attributes={})"
9908,1425324396822941699,2021-08-11 05:13:12+00:00,i‚Äôm convinced alabama rush is a bigger event than the olympics,"Reno, NV","[[[-119.953849, 39.350749], [-119.700515, 39.350749], [-119.700515, 39.674123], [-119.953849, 39.674123]]]","Place(_api=<tweepy.api.API object at 0x2b235387f970>, id='4b25aded08900fd8', url='https://api.twitter.com/1.1/geo/id/4b25aded08900fd8.json', place_type='city', name='Reno', full_name='Reno, NV', country_code='US', country='United States', contained_within=[], bounding_box=BoundingBox(_api=<tweepy.api.API object at 0x2b235387f970>, type='Polygon', coordinates=[[[-119.953849, 39.350749], [-119.700515, 39.350749], [-119.700515, 39.674123], [-119.953849, 39.674123]]]), attributes={})"
35753,1425327057479811072,2021-08-11 05:23:46+00:00,Tareg Hamedi loses gold medal after knocking opponent out cold | Tokyo O... https://t.co/ZJu9jgAjdT via @YouTube #Olympics,"Pompano Beach, FL","[[[-80.1955611, 26.206136], [-80.0817297, 26.206136], [-80.0817297, 26.2976539], [-80.1955611, 26.2976539]]]","Place(_api=<tweepy.api.API object at 0x2b235387f970>, id='fa8f8f24dc772cc0', url='https://api.twitter.com/1.1/geo/id/fa8f8f24dc772cc0.json', place_type='city', name='Pompano Beach', full_name='Pompano Beach, FL', country_code='US', country='United States', contained_within=[], bounding_box=BoundingBox(_api=<tweepy.api.API object at 0x2b235387f970>, type='Polygon', coordinates=[[[-80.1955611, 26.206136], [-80.0817297, 26.206136], [-80.0817297, 26.2976539], [-80.1955611, 26.2976539]]]), attributes={})"
35755,1425327214648758275,2021-08-11 05:24:23+00:00,"#WokeOlympics #WokeIsWinning 
#StayWoke https://t.co/fjzBRT5Lx1","Charlotte, NC","[[[-81.046876, 35.001706], [-80.646695, 35.001706], [-80.646695, 35.416412], [-81.046876, 35.416412]]]","Place(_api=<tweepy.api.API object at 0x2b235387f970>, id='512a8a4a4c4b4be0', url='https://api.twitter.com/1.1/geo/id/512a8a4a4c4b4be0.json', place_type='city', name='Charlotte', full_name='Charlotte, NC', country_code='US', country='United States', contained_within=[], bounding_box=BoundingBox(_api=<tweepy.api.API object at 0x2b235387f970>, type='Polygon', coordinates=[[[-81.046876, 35.001706], [-80.646695, 35.001706], [-80.646695, 35.416412], [-81.046876, 35.416412]]]), attributes={})"
58228,1425330792474021888,2021-08-11 05:38:36+00:00,Space is so freaking cool. Shoutout to those who get to study and explore! https://t.co/DZwf6gmXga,"Buda, TX","[[[-97.877229, 30.0585594], [-97.810907, 30.0585594], [-97.810907, 30.1140391], [-97.877229, 30.1140391]]]","Place(_api=<tweepy.api.API object at 0x2b235387f970>, id='0121988b2a01b723', url='https://api.twitter.com/1.1/geo/id/0121988b2a01b723.json', place_type='city', name='Buda', full_name='Buda, TX', country_code='US', country='United States', contained_within=[], bounding_box=BoundingBox(_api=<tweepy.api.API object at 0x2b235387f970>, type='Polygon', coordinates=[[[-97.877229, 30.0585594], [-97.810907, 30.0585594], [-97.810907, 30.1140391], [-97.877229, 30.1140391]]]), attributes={})"
55364,1425330969398059012,2021-08-11 05:39:19+00:00,What happened to @jimmyfallon hair during the Olympics hiatus?ü§î,"Scottsdale, AZ","[[[-111.960775, 33.4358637], [-111.756022, 33.4358637], [-111.756022, 33.842816], [-111.960775, 33.842816]]]","Place(_api=<tweepy.api.API object at 0x2b235387f970>, id='0a0de7bd49ef942d', url='https://api.twitter.com/1.1/geo/id/0a0de7bd49ef942d.json', place_type='city', name='Scottsdale', full_name='Scottsdale, AZ', country_code='US', country='United States', contained_within=[], bounding_box=BoundingBox(_api=<tweepy.api.API object at 0x2b235387f970>, type='Polygon', coordinates=[[[-111.960775, 33.4358637], [-111.756022, 33.4358637], [-111.756022, 33.842816], [-111.960775, 33.842816]]]), attributes={})"
56305,1425332681550802948,2021-08-11 05:46:07+00:00,@snoopsmom123 @roth_tanya @WSJ Could tell at Olympic trials in Indy that she wasn‚Äôt her usual self. Was very off. I‚Ä¶ https://t.co/CBpglqwMHp,"Erie, PA","[[[-80.239991, 42.018414], [-79.934073, 42.018414], [-79.934073, 42.202992], [-80.239991, 42.202992]]]","Place(_api=<tweepy.api.API object at 0x2b235387f970>, id='29aaa88d9fe74b50', url='https://api.twitter.com/1.1/geo/id/29aaa88d9fe74b50.json', place_type='city', name='Erie', full_name='Erie, PA', country_code='US', country='United States', contained_within=[], bounding_box=BoundingBox(_api=<tweepy.api.API object at 0x2b235387f970>, type='Polygon', coordinates=[[[-80.239991, 42.018414], [-79.934073, 42.018414], [-79.934073, 42.202992], [-80.239991, 42.202992]]]), attributes={})"
47563,1425333706944782343,2021-08-11 05:50:11+00:00,"Still time to support our Central Bureau Cadet. Special Olympics, Virtual Plane Pull So Cal team. Thank you to thos‚Ä¶ https://t.co/7tVZmoziIy","Los Angeles, CA","[[[-118.668404, 33.704538], [-118.155409, 33.704538], [-118.155409, 34.337041], [-118.668404, 34.337041]]]","Place(_api=<tweepy.api.API object at 0x2b235387f970>, id='3b77caf94bfc81fe', url='https://api.twitter.com/1.1/geo/id/3b77caf94bfc81fe.json', place_type='city', name='Los Angeles', full_name='Los Angeles, CA', country_code='US', country='United States', contained_within=[], bounding_box=BoundingBox(_api=<tweepy.api.API object at 0x2b235387f970>, type='Polygon', coordinates=[[[-118.668404, 33.704538], [-118.155409, 33.704538], [-118.155409, 34.337041], [-118.668404, 34.337041]]]), attributes={})"
50030,1425337067681173512,2021-08-11 06:03:33+00:00,"‚ÄúDeuces,‚Äù it‚Äôs a baseball thang! Japan vs Korea semifinal game 2020 Olympics Japan. https://t.co/cEIoEDHwIl",Warm Springs Indian Reservation,"[[[-121.26644705903385, 44.77579605966013], [-121.26644705903385, 44.77579605966013], [-121.26644705903385, 44.77579605966013], [-121.26644705903385, 44.77579605966013]]]","Place(_api=<tweepy.api.API object at 0x2b235387f970>, id='07d9cbf30c881002', url='https://api.twitter.com/1.1/geo/id/07d9cbf30c881002.json', place_type='poi', name='Warm Springs Indian Reservation', full_name='Warm Springs Indian Reservation', country_code='US', country='United States', contained_within=[], bounding_box=BoundingBox(_api=<tweepy.api.API object at 0x2b235387f970>, type='Polygon', coordinates=[[[-121.26644705903385, 44.77579605966013], [-121.26644705903385, 44.77579605966013], [-121.26644705903385, 44.77579605966013], [-121.26644705903385, 44.77579605966013]]]), attributes={})"
35062,1425343298508447744,2021-08-11 06:28:18+00:00,Its crazy to think that the Beijing Winter Olympics are in 6 months.,"Cerritos, CA","[[[-118.108568, 33.84596], [-118.02881, 33.84596], [-118.02881, 33.887971], [-118.108568, 33.887971]]]","Place(_api=<tweepy.api.API object at 0x2b235387f970>, id='19d41c6eff11e9d6', url='https://api.twitter.com/1.1/geo/id/19d41c6eff11e9d6.json', place_type='city', name='Cerritos', full_name='Cerritos, CA', country_code='US', country='United States', contained_within=[], bounding_box=BoundingBox(_api=<tweepy.api.API object at 0x2b235387f970>, type='Polygon', coordinates=[[[-118.108568, 33.84596], [-118.02881, 33.84596], [-118.02881, 33.887971], [-118.108568, 33.887971]]]), attributes={})"
25831,1425345005141389318,2021-08-11 06:35:05+00:00,"Quit blowing your own horn, besides, this is what they mean when the say,
 ""Corporate Shill!""
Don't sell out to the‚Ä¶ https://t.co/lXa1r686be","Oakland, CA","[[[-122.34266, 37.699279], [-122.114711, 37.699279], [-122.114711, 37.8847092], [-122.34266, 37.8847092]]]","Place(_api=<tweepy.api.API object at 0x2b235387f970>, id='ab2f2fac83aa388d', url='https://api.twitter.com/1.1/geo/id/ab2f2fac83aa388d.json', place_type='city', name='Oakland', full_name='Oakland, CA', country_code='US', country='United States', contained_within=[], bounding_box=BoundingBox(_api=<tweepy.api.API object at 0x2b235387f970>, type='Polygon', coordinates=[[[-122.34266, 37.699279], [-122.114711, 37.699279], [-122.114711, 37.8847092], [-122.34266, 37.8847092]]]), attributes={})"
25833,1425345079531671552,2021-08-11 06:35:23+00:00,#Biontech #BacktoSchool2021 #NewsBreak #SamsungUnpacked #LaVozArgentina #ClimateReport #DONDA #ElonMusk‚Ä¶ https://t.co/uMe84b1aqo,"Smyrna, TN","[[[-86.624429, 35.879451], [-86.458783, 35.879451], [-86.458783, 36.029213], [-86.624429, 36.029213]]]","Place(_api=<tweepy.api.API object at 0x2b235387f970>, id='f9eb63ab4f7dd5db', url='https://api.twitter.com/1.1/geo/id/f9eb63ab4f7dd5db.json', place_type='city', name='Smyrna', full_name='Smyrna, TN', country_code='US', country='United States', contained_within=[], bounding_box=BoundingBox(_api=<tweepy.api.API object at 0x2b235387f970>, type='Polygon', coordinates=[[[-86.624429, 35.879451], [-86.458783, 35.879451], [-86.458783, 36.029213], [-86.624429, 36.029213]]]), attributes={})"
35933,1425345822271545344,2021-08-11 06:38:20+00:00,This olympics paid sooo much homage to anime and I‚Äôm all for it https://t.co/1gqpHwUruG,"West Hollywood, CA","[[[-118.3959042, 34.075963], [-118.3433861, 34.075963], [-118.3433861, 34.098056], [-118.3959042, 34.098056]]]","Place(_api=<tweepy.api.API object at 0x2b235387f970>, id='1927193c57f35d51', url='https://api.twitter.com/1.1/geo/id/1927193c57f35d51.json', place_type='city', name='West Hollywood', full_name='West Hollywood, CA', country_code='US', country='United States', contained_within=[], bounding_box=BoundingBox(_api=<tweepy.api.API object at 0x2b235387f970>, type='Polygon', coordinates=[[[-118.3959042, 34.075963], [-118.3433861, 34.075963], [-118.3433861, 34.098056], [-118.3959042, 34.098056]]]), attributes={})"
42584,1425347460566708224,2021-08-11 06:44:50+00:00,I AM.PROUD OF YOU TOO! üëçüôã‚Äç‚ôÄÔ∏è‚ù§ https://t.co/wOyBKYO42Z,"Santa Barbara, CA","[[[-119.763341, 34.395525], [-119.639931, 34.395525], [-119.639931, 34.464245], [-119.763341, 34.464245]]]","Place(_api=<tweepy.api.API object at 0x2b235387f970>, id='f6ebc676e5cde864', url='https://api.twitter.com/1.1/geo/id/f6ebc676e5cde864.json', place_type='city', name='Santa Barbara', full_name='Santa Barbara, CA', country_code='US', country='United States', contained_within=[], bounding_box=BoundingBox(_api=<tweepy.api.API object at 0x2b235387f970>, type='Polygon', coordinates=[[[-119.763341, 34.395525], [-119.639931, 34.395525], [-119.639931, 34.464245], [-119.763341, 34.464245]]]), attributes={})"
41529,1425352364718891011,2021-08-11 07:04:20+00:00,"Second Best in the World, but Still Saying Sorry. Is this something with just them or a cultural thing?  https://t.co/KfeX6yn5j8","Bull Mountain, OR","[[[-122.853524, 45.400413], [-122.8096891, 45.400413], [-122.8096891, 45.4309584], [-122.853524, 45.4309584]]]","Place(_api=<tweepy.api.API object at 0x2b235387f970>, id='0095c1f96cadc34a', url='https://api.twitter.com/1.1/geo/id/0095c1f96cadc34a.json', place_type='city', name='Bull Mountain', full_name='Bull Mountain, OR', country_code='US', country='United States', contained_within=[], bounding_box=BoundingBox(_api=<tweepy.api.API object at 0x2b235387f970>, type='Polygon', coordinates=[[[-122.853524, 45.400413], [-122.8096891, 45.400413], [-122.8096891, 45.4309584], [-122.853524, 45.4309584]]]), attributes={})"
12394,1425360853713313800,2021-08-11 07:38:04+00:00,üëç‚ù§Ô∏è‚úåÔ∏è https://t.co/LhkrjvwGw2,"Olympia, WA","[[[-123.023734, 46.98219], [-122.823298, 46.98219], [-122.823298, 47.146866], [-123.023734, 47.146866]]]","Place(_api=<tweepy.api.API object at 0x2b235387f970>, id='375aa1ab4abd79b1', url='https://api.twitter.com/1.1/geo/id/375aa1ab4abd79b1.json', place_type='city', name='Olympia', full_name='Olympia, WA', country_code='US', country='United States', contained_within=[], bounding_box=BoundingBox(_api=<tweepy.api.API object at 0x2b235387f970>, type='Polygon', coordinates=[[[-123.023734, 46.98219], [-122.823298, 46.98219], [-122.823298, 47.146866], [-123.023734, 47.146866]]]), attributes={})"
30185,1425369574115995657,2021-08-11 08:12:43+00:00,@pixie_late Ooo did you see the anime representation during the olympics üôåüèΩüôåüèΩüôåüèΩ,"Hayward, CA","[[[-122.160814, 37.592632], [-122.010737, 37.592632], [-122.010737, 37.689909], [-122.160814, 37.689909]]]","Place(_api=<tweepy.api.API object at 0x2b235387f970>, id='5ecbd073f39c00fa', url='https://api.twitter.com/1.1/geo/id/5ecbd073f39c00fa.json', place_type='city', name='Hayward', full_name='Hayward, CA', country_code='US', country='United States', contained_within=[], bounding_box=BoundingBox(_api=<tweepy.api.API object at 0x2b235387f970>, type='Polygon', coordinates=[[[-122.160814, 37.592632], [-122.010737, 37.592632], [-122.010737, 37.689909], [-122.160814, 37.689909]]]), attributes={})"
22627,1425372900824129542,2021-08-11 08:25:56+00:00,"Russia Melts Down: U.S. Rigged Olympics to Steal Our Golds.
https://t.co/ItFS1LscBv","Evansville, IN","[[[-87.699649, 37.9239819], [-87.449732, 37.9239819], [-87.449732, 38.082951], [-87.699649, 38.082951]]]","Place(_api=<tweepy.api.API object at 0x2b235387f970>, id='ad815dfe8c34a012', url='https://api.twitter.com/1.1/geo/id/ad815dfe8c34a012.json', place_type='city', name='Evansville', full_name='Evansville, IN', country_code='US', country='United States', contained_within=[], bounding_box=BoundingBox(_api=<tweepy.api.API object at 0x2b235387f970>, type='Polygon', coordinates=[[[-87.699649, 37.9239819], [-87.449732, 37.9239819], [-87.449732, 38.082951], [-87.699649, 38.082951]]]), attributes={})"
30492,1425374706593673227,2021-08-11 08:33:06+00:00,"I mean, @itskerrii *was* my #Olympics‚Äîof both years! https://t.co/GbYk26iHiZ","Philadelphia, PA","[[[-75.280284, 39.871811], [-74.955712, 39.871811], [-74.955712, 40.13792], [-75.280284, 40.13792]]]","Place(_api=<tweepy.api.API object at 0x2b235387f970>, id='e4a0d228eb6be76b', url='https://api.twitter.com/1.1/geo/id/e4a0d228eb6be76b.json', place_type='city', name='Philadelphia', full_name='Philadelphia, PA', country_code='US', country='United States', contained_within=[], bounding_box=BoundingBox(_api=<tweepy.api.API object at 0x2b235387f970>, type='Polygon', coordinates=[[[-75.280284, 39.871811], [-74.955712, 39.871811], [-74.955712, 40.13792], [-75.280284, 40.13792]]]), attributes={})"
30668,1425381028416290818,2021-08-11 08:58:14+00:00,@Diego25048583 @NikeOverHoe2 @MLS_Buzz They dont...but they earned a Bronze while at the Olympics...something the U‚Ä¶ https://t.co/wtnhSMBHkE,"Los Angeles, CA","[[[-118.668404, 33.704538], [-118.155409, 33.704538], [-118.155409, 34.337041], [-118.668404, 34.337041]]]","Place(_api=<tweepy.api.API object at 0x2b235387f970>, id='3b77caf94bfc81fe', url='https://api.twitter.com/1.1/geo/id/3b77caf94bfc81fe.json', place_type='city', name='Los Angeles', full_name='Los Angeles, CA', country_code='US', country='United States', contained_within=[], bounding_box=BoundingBox(_api=<tweepy.api.API object at 0x2b235387f970>, type='Polygon', coordinates=[[[-118.668404, 33.704538], [-118.155409, 33.704538], [-118.155409, 34.337041], [-118.668404, 34.337041]]]), attributes={})"
17198,1425391249234747394,2021-08-11 09:38:50+00:00,@POTUS @lunasangrienta1 We @HillsboroughFL employees have been making sure water üí¶ and sewer doesn‚Äôt get affected d‚Ä¶ https://t.co/2yRpwkPq0C,"Land O' Lakes, FL","[[[-82.524994, 28.171069], [-82.369327, 28.171069], [-82.369327, 28.267173], [-82.524994, 28.267173]]]","Place(_api=<tweepy.api.API object at 0x2b235387f970>, id='36f6e625182fae8b', url='https://api.twitter.com/1.1/geo/id/36f6e625182fae8b.json', place_type='city', name=""Land O' Lakes"", full_name=""Land O' Lakes, FL"", country_code='US', country='United States', contained_within=[], bounding_box=BoundingBox(_api=<tweepy.api.API object at 0x2b235387f970>, type='Polygon', coordinates=[[[-82.524994, 28.171069], [-82.369327, 28.171069], [-82.369327, 28.267173], [-82.524994, 28.267173]]]), attributes={})"
60675,1425410222902763527,2021-08-11 10:54:14+00:00,Wow what an amazing story https://t.co/NY3JgsAXNK,"Bull Mountain, OR","[[[-122.853524, 45.400413], [-122.8096891, 45.400413], [-122.8096891, 45.4309584], [-122.853524, 45.4309584]]]","Place(_api=<tweepy.api.API object at 0x2b235387f970>, id='0095c1f96cadc34a', url='https://api.twitter.com/1.1/geo/id/0095c1f96cadc34a.json', place_type='city', name='Bull Mountain', full_name='Bull Mountain, OR', country_code='US', country='United States', contained_within=[], bounding_box=BoundingBox(_api=<tweepy.api.API object at 0x2b235387f970>, type='Polygon', coordinates=[[[-122.853524, 45.400413], [-122.8096891, 45.400413], [-122.8096891, 45.4309584], [-122.853524, 45.4309584]]]), attributes={})"
62032,1425410765062742017,2021-08-11 10:56:23+00:00,"@QuizMumbai @Nigel__DSouza Can you imagine, 46 years old competing in the Olympics. That is unbelievable.","Bull Mountain, OR","[[[-122.853524, 45.400413], [-122.8096891, 45.400413], [-122.8096891, 45.4309584], [-122.853524, 45.4309584]]]","Place(_api=<tweepy.api.API object at 0x2b235387f970>, id='0095c1f96cadc34a', url='https://api.twitter.com/1.1/geo/id/0095c1f96cadc34a.json', place_type='city', name='Bull Mountain', full_name='Bull Mountain, OR', country_code='US', country='United States', contained_within=[], bounding_box=BoundingBox(_api=<tweepy.api.API object at 0x2b235387f970>, type='Polygon', coordinates=[[[-122.853524, 45.400413], [-122.8096891, 45.400413], [-122.8096891, 45.4309584], [-122.853524, 45.4309584]]]), attributes={})"
43960,1425414840718299142,2021-08-11 11:12:35+00:00,@JoshDamage @firststarisee @Chris_B_Rude @itskerrii what you even know about the olympics besides you‚Äôre weird ass header,"Porterville, CA","[[[-119.080552, 36.029555], [-118.977713, 36.029555], [-118.977713, 36.1199948], [-119.080552, 36.1199948]]]","Place(_api=<tweepy.api.API object at 0x2b235387f970>, id='daa5fcec75a430ae', url='https://api.twitter.com/1.1/geo/id/daa5fcec75a430ae.json', place_type='city', name='Porterville', full_name='Porterville, CA', country_code='US', country='United States', contained_within=[], bounding_box=BoundingBox(_api=<tweepy.api.API object at 0x2b235387f970>, type='Polygon', coordinates=[[[-119.080552, 36.029555], [-118.977713, 36.029555], [-118.977713, 36.1199948], [-119.080552, 36.1199948]]]), attributes={})"
43562,1425417500725022726,2021-08-11 11:23:09+00:00,"Beautiful.

‚ÄúThe accomplishment represents not only a goal achieved for Seidel, but also doors opened to other litt‚Ä¶ https://t.co/XGvSsyX20t","Colesville, MD","[[[-77.040246, 39.055572], [-76.97471, 39.055572], [-76.97471, 39.125337], [-77.040246, 39.125337]]]","Place(_api=<tweepy.api.API object at 0x2b235387f970>, id='09d38e8e348e39ba', url='https://api.twitter.com/1.1/geo/id/09d38e8e348e39ba.json', place_type='city', name='Colesville', full_name='Colesville, MD', country_code='US', country='United States', contained_within=[], bounding_box=BoundingBox(_api=<tweepy.api.API object at 0x2b235387f970>, type='Polygon', coordinates=[[[-77.040246, 39.055572], [-76.97471, 39.055572], [-76.97471, 39.125337], [-77.040246, 39.125337]]]), attributes={})"
43827,1425419810335338497,2021-08-11 11:32:20+00:00,#this #truth https://t.co/pqtlc9QruM,"Manhattan, NY","[[[-74.026675, 40.683935], [-73.910408, 40.683935], [-73.910408, 40.877483], [-74.026675, 40.877483]]]","Place(_api=<tweepy.api.API object at 0x2b235387f970>, id='01a9a39529b27f36', url='https://api.twitter.com/1.1/geo/id/01a9a39529b27f36.json', place_type='city', name='Manhattan', full_name='Manhattan, NY', country_code='US', country='United States', contained_within=[], bounding_box=BoundingBox(_api=<tweepy.api.API object at 0x2b235387f970>, type='Polygon', coordinates=[[[-74.026675, 40.683935], [-73.910408, 40.683935], [-73.910408, 40.877483], [-74.026675, 40.877483]]]), attributes={})"
9863,1425431671201886211,2021-08-11 12:19:28+00:00,#NOlympics https://t.co/nsvIVbIpIQ,"Denver, CO","[[[-105.109815, 39.614151], [-104.734372, 39.614151], [-104.734372, 39.812975], [-105.109815, 39.812975]]]","Place(_api=<tweepy.api.API object at 0x2b235387f970>, id='b49b3053b5c25bf5', url='https://api.twitter.com/1.1/geo/id/b49b3053b5c25bf5.json', place_type='city', name='Denver', full_name='Denver, CO', country_code='US', country='United States', contained_within=[], bounding_box=BoundingBox(_api=<tweepy.api.API object at 0x2b235387f970>, type='Polygon', coordinates=[[[-105.109815, 39.614151], [-104.734372, 39.614151], [-104.734372, 39.812975], [-105.109815, 39.812975]]]), attributes={})"
18248,1425432691143593985,2021-08-11 12:23:31+00:00,"India‚Äôs hockey team went to pay obeisance at Darbar Sahib (Golden Temple), Amritsar, after winning the bronze at th‚Ä¶ https://t.co/hMBqRUzBYX","Potomac, MD","[[[-77.248462, 38.971077], [-77.1418208, 38.971077], [-77.1418208, 39.0693022], [-77.248462, 39.0693022]]]","Place(_api=<tweepy.api.API object at 0x2b235387f970>, id='6a83705c6ef0b6b0', url='https://api.twitter.com/1.1/geo/id/6a83705c6ef0b6b0.json', place_type='city', name='Potomac', full_name='Potomac, MD', country_code='US', country='United States', contained_within=[], bounding_box=BoundingBox(_api=<tweepy.api.API object at 0x2b235387f970>, type='Polygon', coordinates=[[[-77.248462, 38.971077], [-77.1418208, 38.971077], [-77.1418208, 39.0693022], [-77.248462, 39.0693022]]]), attributes={})"
22467,1425433197270159371,2021-08-11 12:25:32+00:00,#China won many diving medals in the #Olympics because it used #AI and 3D scientific analysis. #AI‚Ä¶ https://t.co/48NccrAVAg,"Biddeford, ME","[[[-70.522531, 43.446466], [-70.355233, 43.446466], [-70.355233, 43.501858], [-70.522531, 43.501858]]]","Place(_api=<tweepy.api.API object at 0x2b235387f970>, id='004d59e752d3bf33', url='https://api.twitter.com/1.1/geo/id/004d59e752d3bf33.json', place_type='city', name='Biddeford', full_name='Biddeford, ME', country_code='US', country='United States', contained_within=[], bounding_box=BoundingBox(_api=<tweepy.api.API object at 0x2b235387f970>, type='Polygon', coordinates=[[[-70.522531, 43.446466], [-70.355233, 43.446466], [-70.355233, 43.501858], [-70.522531, 43.501858]]]), attributes={})"
22490,1425435038435450885,2021-08-11 12:32:51+00:00,"You deserve a year of rent free.
People just don‚Äôt realize how much you and other athletes sacrifice so we can watc‚Ä¶ https://t.co/J6fInojuGf","North Carolina, USA","[[[-84.3219475, 33.752879], [-75.40012, 33.752879], [-75.40012, 36.588118], [-84.3219475, 36.588118]]]","Place(_api=<tweepy.api.API object at 0x2b235387f970>, id='3b98b02fba3f9753', url='https://api.twitter.com/1.1/geo/id/3b98b02fba3f9753.json', place_type='admin', name='North Carolina', full_name='North Carolina, USA', country_code='US', country='United States', contained_within=[], bounding_box=BoundingBox(_api=<tweepy.api.API object at 0x2b235387f970>, type='Polygon', coordinates=[[[-84.3219475, 33.752879], [-75.40012, 33.752879], [-75.40012, 36.588118], [-84.3219475, 36.588118]]]), attributes={})"
45046,1425437062220730369,2021-08-11 12:40:53+00:00,Anyone else find it odd @Twitter is still promoting the #Olympics? I mean I miss them too but it's now the Wednesda‚Ä¶ https://t.co/TBmysGWujG,"Bellerose, NY","[[[-73.721077, 40.72139], [-73.712109, 40.72139], [-73.712109, 40.72702], [-73.721077, 40.72702]]]","Place(_api=<tweepy.api.API object at 0x2b235387f970>, id='987eb6925d6d6b3e', url='https://api.twitter.com/1.1/geo/id/987eb6925d6d6b3e.json', place_type='city', name='Bellerose', full_name='Bellerose, NY', country_code='US', country='United States', contained_within=[], bounding_box=BoundingBox(_api=<tweepy.api.API object at 0x2b235387f970>, type='Polygon', coordinates=[[[-73.721077, 40.72139], [-73.712109, 40.72139], [-73.712109, 40.72702], [-73.721077, 40.72702]]]), attributes={})"
43795,1425437441939316752,2021-08-11 12:42:24+00:00,"@AcademyMidwest Wacky Wednesday 

We all enjoyed the Olympics particularly the 100m

#MPAWay #NationalChampions https://t.co/GkvepJBuJ0","Omaha, NE","[[[-96.234587, 41.175884], [-95.872275, 41.175884], [-95.872275, 41.375558], [-96.234587, 41.375558]]]","Place(_api=<tweepy.api.API object at 0x2b235387f970>, id='a84b808ce3f11719', url='https://api.twitter.com/1.1/geo/id/a84b808ce3f11719.json', place_type='city', name='Omaha', full_name='Omaha, NE', country_code='US', country='United States', contained_within=[], bounding_box=BoundingBox(_api=<tweepy.api.API object at 0x2b235387f970>, type='Polygon', coordinates=[[[-96.234587, 41.175884], [-95.872275, 41.175884], [-95.872275, 41.375558], [-96.234587, 41.375558]]]), attributes={})"
31167,1425442380434444290,2021-08-11 13:02:01+00:00,@MilesTaylorUSA Why do non athletes want to take away some folks only opportunity to be in the Olympics. Let the po‚Ä¶ https://t.co/eZFmxtLm3V,"Oakland, CA","[[[-122.34266, 37.699279], [-122.114711, 37.699279], [-122.114711, 37.8847092], [-122.34266, 37.8847092]]]","Place(_api=<tweepy.api.API object at 0x2b235387f970>, id='ab2f2fac83aa388d', url='https://api.twitter.com/1.1/geo/id/ab2f2fac83aa388d.json', place_type='city', name='Oakland', full_name='Oakland, CA', country_code='US', country='United States', contained_within=[], bounding_box=BoundingBox(_api=<tweepy.api.API object at 0x2b235387f970>, type='Polygon', coordinates=[[[-122.34266, 37.699279], [-122.114711, 37.699279], [-122.114711, 37.8847092], [-122.34266, 37.8847092]]]), attributes={})"
44650,1425442385106849792,2021-08-11 13:02:02+00:00,Jusko yung body clock ko nasanay na nagigising ng maaga for the Olympics. Haha,"Fairview, CA","[[[-122.072718, 37.655585], [-122.023477, 37.655585], [-122.023477, 37.6961419], [-122.072718, 37.6961419]]]","Place(_api=<tweepy.api.API object at 0x2b235387f970>, id='51d80bae0d6cb453', url='https://api.twitter.com/1.1/geo/id/51d80bae0d6cb453.json', place_type='city', name='Fairview', full_name='Fairview, CA', country_code='US', country='United States', contained_within=[], bounding_box=BoundingBox(_api=<tweepy.api.API object at 0x2b235387f970>, type='Polygon', coordinates=[[[-122.072718, 37.655585], [-122.023477, 37.655585], [-122.023477, 37.6961419], [-122.072718, 37.6961419]]]), attributes={})"
32997,1425443383007395840,2021-08-11 13:06:00+00:00,@_setukshah Its big. Its a big deal. Dude was droppin 40 in the Olympics where Dame Lillard was just saying ‚Äúits ha‚Ä¶ https://t.co/rMofcNEbA5,"Jersey City, NJ","[[[-74.107995, 40.666879], [-74.0253309, 40.666879], [-74.0253309, 40.769124], [-74.107995, 40.769124]]]","Place(_api=<tweepy.api.API object at 0x2b235387f970>, id='b046074b1030a44d', url='https://api.twitter.com/1.1/geo/id/b046074b1030a44d.json', place_type='city', name='Jersey City', full_name='Jersey City, NJ', country_code='US', country='United States', contained_within=[], bounding_box=BoundingBox(_api=<tweepy.api.API object at 0x2b235387f970>, type='Polygon', coordinates=[[[-74.107995, 40.666879], [-74.0253309, 40.666879], [-74.0253309, 40.769124], [-74.107995, 40.769124]]]), attributes={})"
33690,1425444185000189953,2021-08-11 13:09:11+00:00,A @KSL5TV / @KUER mashup. Thanks to @KSLSharaPark for sharing her experience reporting from the Tokyo Olympics! She‚Ä¶ https://t.co/WttVyQ5ifF,"Salt Lake City, UT","[[[-112.0383105, 40.6998952], [-111.795741, 40.6998952], [-111.795741, 40.8317151], [-112.0383105, 40.8317151]]]","Place(_api=<tweepy.api.API object at 0x2b235387f970>, id='bd7c511e9f8bc5da', url='https://api.twitter.com/1.1/geo/id/bd7c511e9f8bc5da.json', place_type='city', name='Salt Lake City', full_name='Salt Lake City, UT', country_code='US', country='United States', contained_within=[], bounding_box=BoundingBox(_api=<tweepy.api.API object at 0x2b235387f970>, type='Polygon', coordinates=[[[-112.0383105, 40.6998952], [-111.795741, 40.6998952], [-111.795741, 40.8317151], [-112.0383105, 40.8317151]]]), attributes={})"
33919,1425446742363983875,2021-08-11 13:19:21+00:00,What were your favorite stories from the #Olympics? Would love to share some with my students,"Chicago, IL","[[[-87.940033, 41.644102], [-87.523993, 41.644102], [-87.523993, 42.0230669], [-87.940033, 42.0230669]]]","Place(_api=<tweepy.api.API object at 0x2b235387f970>, id='1d9a5370a355ab0c', url='https://api.twitter.com/1.1/geo/id/1d9a5370a355ab0c.json', place_type='city', name='Chicago', full_name='Chicago, IL', country_code='US', country='United States', contained_within=[], bounding_box=BoundingBox(_api=<tweepy.api.API object at 0x2b235387f970>, type='Polygon', coordinates=[[[-87.940033, 41.644102], [-87.523993, 41.644102], [-87.523993, 42.0230669], [-87.940033, 42.0230669]]]), attributes={})"
28534,1425447652335001603,2021-08-11 13:22:58+00:00,https://t.co/Vb9G3VutNp #ass #Tokyo2020 #lucknowgirl #butt #viral #trending #ass #love #booty #model #girl #fitness‚Ä¶ https://t.co/CwnE4K6mNS,"South Bend, IN","[[[-86.385306, 41.598756], [-86.19642, 41.598756], [-86.19642, 41.760555], [-86.385306, 41.760555]]]","Place(_api=<tweepy.api.API object at 0x2b235387f970>, id='20a70247c3cbdd23', url='https://api.twitter.com/1.1/geo/id/20a70247c3cbdd23.json', place_type='city', name='South Bend', full_name='South Bend, IN', country_code='US', country='United States', contained_within=[], bounding_box=BoundingBox(_api=<tweepy.api.API object at 0x2b235387f970>, type='Polygon', coordinates=[[[-86.385306, 41.598756], [-86.19642, 41.598756], [-86.19642, 41.760555], [-86.385306, 41.760555]]]), attributes={})"
33925,1425447959601336322,2021-08-11 13:24:11+00:00,".@GiveMe1Shot, who lost her mother while competing in the Tokyo Olympics, says she will be laid to rest Thursday.‚Ä¶ https://t.co/xlduCcXIgg","South Carolina, USA","[[[-83.353955, 32.04683], [-78.499301, 32.04683], [-78.499301, 35.215449], [-83.353955, 35.215449]]]","Place(_api=<tweepy.api.API object at 0x2b235387f970>, id='6057f1e35bcc6c20', url='https://api.twitter.com/1.1/geo/id/6057f1e35bcc6c20.json', place_type='admin', name='South Carolina', full_name='South Carolina, USA', country_code='US', country='United States', contained_within=[], bounding_box=BoundingBox(_api=<tweepy.api.API object at 0x2b235387f970>, type='Polygon', coordinates=[[[-83.353955, 32.04683], [-78.499301, 32.04683], [-78.499301, 35.215449], [-83.353955, 35.215449]]]), attributes={})"
33949,1425449933646274562,2021-08-11 13:32:02+00:00,@TRIresilience @Up2UsSports @PACEsConnection Thanks for the call-out! Looking forward to it! Perhaps we‚Äôll discuss‚Ä¶ https://t.co/IGdRzvjd4i,"North Carolina, USA","[[[-84.3219475, 33.752879], [-75.40012, 33.752879], [-75.40012, 36.588118], [-84.3219475, 36.588118]]]","Place(_api=<tweepy.api.API object at 0x2b235387f970>, id='3b98b02fba3f9753', url='https://api.twitter.com/1.1/geo/id/3b98b02fba3f9753.json', place_type='admin', name='North Carolina', full_name='North Carolina, USA', country_code='US', country='United States', contained_within=[], bounding_box=BoundingBox(_api=<tweepy.api.API object at 0x2b235387f970>, type='Polygon', coordinates=[[[-84.3219475, 33.752879], [-75.40012, 33.752879], [-75.40012, 36.588118], [-84.3219475, 36.588118]]]), attributes={})"
33946,1425450021441449989,2021-08-11 13:32:23+00:00,"Teddy Tip-

Grand rising ‚òÄÔ∏èConsistency is what transforms AVERAGE into EXCELLENCE. Keep striving towards your goals‚Ä¶ https://t.co/0cqcK734SV","Zephyrhills, FL","[[[-82.246926, 28.172468], [-82.131803, 28.172468], [-82.131803, 28.291625], [-82.246926, 28.291625]]]","Place(_api=<tweepy.api.API object at 0x2b235387f970>, id='0160ed302dcb7707', url='https://api.twitter.com/1.1/geo/id/0160ed302dcb7707.json', place_type='city', name='Zephyrhills', full_name='Zephyrhills, FL', country_code='US', country='United States', contained_within=[], bounding_box=BoundingBox(_api=<tweepy.api.API object at 0x2b235387f970>, type='Polygon', coordinates=[[[-82.246926, 28.172468], [-82.131803, 28.172468], [-82.131803, 28.291625], [-82.246926, 28.291625]]]), attributes={})"
15436,1425451629973749765,2021-08-11 13:38:46+00:00,Join us today at noon CST &amp; invite community coaches to join you. We‚Äôll look at the role PACEs Science &amp; self-regul‚Ä¶ https://t.co/t72U3MWvB2,"North Carolina, USA","[[[-84.3219475, 33.752879], [-75.40012, 33.752879], [-75.40012, 36.588118], [-84.3219475, 36.588118]]]","Place(_api=<tweepy.api.API object at 0x2b235387f970>, id='3b98b02fba3f9753', url='https://api.twitter.com/1.1/geo/id/3b98b02fba3f9753.json', place_type='admin', name='North Carolina', full_name='North Carolina, USA', country_code='US', country='United States', contained_within=[], bounding_box=BoundingBox(_api=<tweepy.api.API object at 0x2b235387f970>, type='Polygon', coordinates=[[[-84.3219475, 33.752879], [-75.40012, 33.752879], [-75.40012, 36.588118], [-84.3219475, 36.588118]]]), attributes={})"
15771,1425452260776189952,2021-08-11 13:41:17+00:00,üëèüèªüëèüèªüëèüèª #TeamABC https://t.co/k36GtzLB71,"Manhattan, NY","[[[-74.026675, 40.683935], [-73.910408, 40.683935], [-73.910408, 40.877483], [-74.026675, 40.877483]]]","Place(_api=<tweepy.api.API object at 0x2b235387f970>, id='01a9a39529b27f36', url='https://api.twitter.com/1.1/geo/id/01a9a39529b27f36.json', place_type='city', name='Manhattan', full_name='Manhattan, NY', country_code='US', country='United States', contained_within=[], bounding_box=BoundingBox(_api=<tweepy.api.API object at 0x2b235387f970>, type='Polygon', coordinates=[[[-74.026675, 40.683935], [-73.910408, 40.683935], [-73.910408, 40.877483], [-74.026675, 40.877483]]]), attributes={})"
53347,1425457069742723073,2021-08-11 14:00:23+00:00,üòçüòçüòçüòç https://t.co/9t4WYL2ZQM,"Oatfield, OR","[[[-122.632833, 45.393618], [-122.571286, 45.393618], [-122.571286, 45.433366], [-122.632833, 45.433366]]]","Place(_api=<tweepy.api.API object at 0x2b235387f970>, id='e9281136c487086d', url='https://api.twitter.com/1.1/geo/id/e9281136c487086d.json', place_type='city', name='Oatfield', full_name='Oatfield, OR', country_code='US', country='United States', contained_within=[], bounding_box=BoundingBox(_api=<tweepy.api.API object at 0x2b235387f970>, type='Polygon', coordinates=[[[-122.632833, 45.393618], [-122.571286, 45.393618], [-122.571286, 45.433366], [-122.632833, 45.433366]]]), attributes={})"
54119,1425461239740698627,2021-08-11 14:16:58+00:00,"State of Sports Media, 2021 https://t.co/fVEJtBn6Xt","California, USA","[[[-124.482003, 32.528832], [-114.131212, 32.528832], [-114.131212, 42.009519], [-124.482003, 42.009519]]]","Place(_api=<tweepy.api.API object at 0x2b235387f970>, id='fbd6d2f5a4e4a15e', url='https://api.twitter.com/1.1/geo/id/fbd6d2f5a4e4a15e.json', place_type='admin', name='California', full_name='California, USA', country_code='US', country='United States', contained_within=[], bounding_box=BoundingBox(_api=<tweepy.api.API object at 0x2b235387f970>, type='Polygon', coordinates=[[[-124.482003, 32.528832], [-114.131212, 32.528832], [-114.131212, 42.009519], [-124.482003, 42.009519]]]), attributes={})"
50235,1425462405870592006,2021-08-11 14:21:36+00:00,Gotta love this. There are good people in the world.  gotta love the Olympics! https://t.co/IKUaU4yodE,"Delaware, USA","[[[-75.7887564, 38.4510398], [-74.984165, 38.4510398], [-74.984165, 39.839007], [-75.7887564, 39.839007]]]","Place(_api=<tweepy.api.API object at 0x2b235387f970>, id='3f5897b87d2bf56c', url='https://api.twitter.com/1.1/geo/id/3f5897b87d2bf56c.json', place_type='admin', name='Delaware', full_name='Delaware, USA', country_code='US', country='United States', contained_within=[], bounding_box=BoundingBox(_api=<tweepy.api.API object at 0x2b235387f970>, type='Polygon', coordinates=[[[-75.7887564, 38.4510398], [-74.984165, 38.4510398], [-74.984165, 39.839007], [-75.7887564, 39.839007]]]), attributes={})"
